Determiner,Pronoun_Male,Pronoun_Female,Technical_Word,Relationship_And_Personal_Life,Preposition,Common_Word_Count,Gender
38,0,3,27,22,183,64,0
102,9,1,42,35,187,96,0
96,31,3,25,21,117,87,0
99,0,3,38,33,123,75,0
85,2,2,28,31,130,78,0
52,0,0,33,42,113,33,0
98,7,1,31,45,165,73,0
72,1,0,36,16,109,70,0
133,6,5,22,50,196,93,0
78,9,0,23,55,114,89,0
96,3,14,26,83,162,91,0
112,0,0,40,63,166,70,0
98,4,3,22,46,126,81,0
116,5,3,39,46,198,92,0
96,0,1,24,40,141,78,0
83,5,0,33,71,159,78,0
69,0,2,29,28,154,65,0
84,2,1,28,59,163,81,0
21,0,0,19,18,66,46,0
78,14,8,19,55,155,93,0
174,1,1,14,11,253,67,0
97,3,2,43,41,154,79,0
109,7,5,36,42,162,93,0
92,2,1,19,25,150,75,0
74,1,1,27,50,133,87,0
83,16,2,42,25,134,85,0
41,2,1,4,16,40,44,0
71,0,1,17,37,130,81,0
111,1,0,22,26,175,85,0
9,0,0,1,5,62,25,0
78,11,6,25,36,96,73,0
120,3,2,42,55,160,75,0
125,0,3,22,43,183,83,0
61,0,0,11,19,101,69,0
62,2,3,18,52,134,77,0
96,6,7,23,38,147,91,0
107,1,3,38,53,176,83,0
103,13,0,30,30,152,84,0
90,0,0,12,44,267,59,0
129,4,12,35,67,219,88,0
67,1,2,21,42,198,78,0
111,2,2,40,50,184,87,0
101,0,2,30,36,160,72,0
131,4,1,23,51,132,77,0
137,3,3,26,53,232,91,0
161,1,4,30,53,262,93,0
107,0,0,8,52,165,54,0
93,9,3,22,50,162,88,0
79,0,0,34,78,117,80,0
74,2,3,24,39,134,80,0
81,1,0,21,43,120,75,0
89,3,0,26,34,136,68,0
56,0,1,11,24,126,74,0
25,0,2,18,33,180,50,0
106,4,8,29,57,207,91,0
63,9,6,16,37,167,82,0
86,12,11,21,41,166,97,0
57,9,3,16,23,151,80,0
110,2,4,24,42,157,84,0
114,3,0,28,32,175,89,0
93,2,0,40,32,196,77,0
122,0,0,67,65,147,61,0
97,0,3,16,49,148,72,0
88,12,4,12,29,167,85,0
65,4,1,31,23,132,81,0
70,0,0,46,39,176,76,0
64,0,1,43,30,84,59,0
60,5,7,9,53,84,80,0
58,2,1,16,31,88,71,0
121,7,5,29,34,152,85,0
46,1,2,14,24,78,54,0
94,7,0,18,45,196,89,0
88,4,0,29,35,172,77,0
64,4,0,23,27,121,67,0
109,7,4,35,40,180,75,0
98,7,2,18,30,104,74,0
123,0,6,20,67,196,81,0
60,2,2,37,14,126,70,0
109,4,1,53,34,219,89,0
87,3,4,25,35,141,81,0
65,6,10,27,45,100,82,0
129,19,4,24,37,188,94,0
99,5,5,24,64,217,96,0
111,5,1,38,52,155,82,0
72,0,0,15,46,138,80,0
62,0,1,28,30,117,65,0
125,5,0,29,40,194,83,0
76,1,1,43,17,181,75,0
105,1,1,24,31,190,80,0
79,1,0,19,32,113,75,0
116,6,11,36,71,181,92,0
146,19,10,32,35,210,93,0
102,4,7,21,39,166,86,0
100,3,1,32,33,139,83,0
80,0,4,12,52,132,74,0
107,1,3,26,58,179,87,0
121,2,1,21,19,135,86,0
68,15,2,22,60,126,78,0
132,2,3,22,59,186,89,0
37,4,0,41,18,135,57,0
174,5,6,27,37,212,92,0
89,0,4,24,49,193,81,0
54,23,5,28,40,146,88,0
118,4,4,28,48,189,84,0
47,0,0,140,47,124,39,0
75,5,4,19,31,160,73,0
85,2,5,28,61,147,82,0
46,0,0,10,36,135,66,0
100,1,0,22,38,176,72,0
83,7,4,32,25,137,77,0
80,1,1,32,51,150,79,0
103,0,0,25,43,157,74,0
92,2,4,19,38,114,79,0
109,4,6,36,55,174,88,0
102,5,3,34,66,161,93,0
110,10,1,25,30,135,87,0
81,4,3,11,57,160,86,0
99,0,0,21,20,198,70,0
159,6,25,56,61,214,96,0
84,0,1,19,46,149,86,0
71,6,1,22,36,123,85,0
121,8,2,35,54,213,85,0
69,3,1,26,31,181,78,0
138,6,3,43,51,218,91,0
76,2,1,18,29,109,75,0
67,0,0,56,57,110,60,0
116,3,3,47,45,172,88,0
134,3,1,35,69,192,82,0
94,19,3,33,33,166,96,0
93,0,1,24,40,151,72,0
81,3,1,34,36,99,82,0
83,1,1,33,38,156,86,0
101,2,6,35,52,134,84,0
104,2,1,33,28,210,85,0
115,1,1,15,44,226,70,0
74,5,2,16,39,160,72,0
82,1,2,11,34,131,77,0
53,9,4,21,31,81,73,0
70,2,0,8,43,217,66,0
69,1,0,20,65,97,69,0
101,0,0,49,35,184,75,0
67,3,4,26,48,124,77,0
82,4,2,15,31,113,78,0
45,0,0,83,24,102,50,0
94,0,0,42,45,202,69,0
65,1,2,28,50,183,82,0
63,1,1,16,19,154,73,0
93,2,2,22,65,115,75,0
75,0,2,19,24,89,63,0
85,0,0,23,49,112,73,0
98,6,6,36,50,152,86,0
134,0,0,27,31,177,73,0
123,15,10,25,41,154,92,0
47,0,0,25,40,141,50,0
82,5,3,30,21,98,83,0
95,0,0,59,40,193,86,0
57,1,2,17,36,211,63,0
104,5,2,24,32,202,95,0
161,4,29,34,70,276,91,0
121,4,0,21,36,227,86,0
97,2,2,29,46,180,92,0
52,0,8,17,65,159,76,0
103,2,1,45,43,170,94,0
94,1,2,25,45,144,79,0
102,1,2,23,30,169,84,0
56,1,0,22,36,160,69,0
98,2,2,19,39,154,84,0
85,19,2,32,34,121,84,0
99,1,0,21,40,192,65,0
20,0,0,31,11,148,28,0
83,0,1,22,38,140,73,0
84,3,2,13,37,123,85,0
57,0,0,28,23,150,67,0
104,4,0,31,48,176,89,0
39,0,0,25,76,135,57,0
116,3,0,23,31,186,74,0
105,3,2,15,51,183,85,0
131,3,7,48,44,251,91,0
96,0,2,33,39,124,81,0
79,0,3,28,31,237,87,0
110,4,2,29,75,183,89,0
141,0,3,76,41,161,62,0
119,15,6,23,39,144,94,0
145,4,0,52,41,230,83,0
72,0,1,12,21,143,66,0
130,8,0,22,43,192,82,0
134,1,0,53,39,184,91,0
134,1,0,19,60,197,87,0
86,10,3,25,44,147,76,0
92,1,1,36,29,126,84,0
83,1,0,18,30,119,79,0
116,4,0,20,36,197,89,0
149,1,0,48,62,210,94,0
73,0,0,5,16,116,34,0
73,1,2,20,46,121,79,0
83,5,13,20,37,128,81,0
98,4,2,20,46,118,80,0
110,5,12,35,40,140,87,0
70,6,2,17,33,114,75,0
72,2,0,15,31,184,75,0
102,6,8,13,39,144,82,0
120,1,1,63,28,135,98,0
99,5,5,22,57,137,86,0
76,0,2,16,38,178,64,0
119,10,4,44,80,182,96,0
76,0,0,15,31,115,58,0
113,4,3,27,46,158,96,0
135,13,16,29,28,172,84,0
144,3,3,39,40,192,87,0
75,1,8,13,58,122,82,0
72,3,0,23,55,96,69,0
69,1,1,26,38,165,75,0
64,1,0,11,25,105,54,0
106,0,0,29,38,179,85,0
67,1,5,30,36,157,68,0
91,0,4,25,35,178,84,0
114,3,0,26,39,187,84,0
122,10,8,28,44,174,89,0
95,6,2,30,47,122,81,0
58,0,4,14,27,72,63,0
100,0,0,31,42,151,78,0
181,0,0,32,22,220,63,0
107,2,3,21,49,162,86,0
110,0,5,23,50,158,88,0
72,1,2,20,43,157,68,0
136,9,3,23,35,167,89,0
123,1,2,20,37,184,76,0
105,2,1,21,39,190,75,0
99,2,8,36,55,149,81,0
106,0,0,33,47,163,82,0
112,4,5,50,49,154,84,0
63,0,0,7,11,64,54,0
115,8,9,23,53,195,88,0
87,1,0,32,36,141,75,0
73,3,4,15,34,185,76,0
90,1,4,19,42,144,89,0
72,2,0,20,45,103,80,0
93,1,2,34,45,139,62,0
134,2,2,24,34,203,93,0
136,2,0,49,22,219,82,0
152,5,5,50,53,203,87,0
119,6,6,23,41,192,89,0
90,0,0,19,53,165,70,0
121,3,1,24,34,169,89,0
64,2,1,40,14,129,64,0
129,8,13,19,47,176,85,0
150,2,0,39,48,206,88,0
159,13,0,39,47,199,91,0
90,4,0,21,38,162,86,0
98,1,2,37,40,133,85,0
115,1,3,22,30,196,83,0
109,0,1,44,40,203,86,0
136,7,7,57,44,195,94,0
79,4,0,33,43,154,86,0
66,1,1,16,24,171,64,0
109,0,0,19,45,170,84,0
145,3,2,51,47,185,90,0
90,11,5,18,40,119,84,0
118,3,6,27,41,194,81,0
96,8,5,26,34,137,83,0
105,1,6,29,53,156,84,0
62,0,9,24,51,148,70,0
25,3,4,10,24,55,68,0
86,0,4,24,37,138,82,0
145,8,0,44,41,200,91,0
113,0,4,23,42,131,71,0
102,12,4,33,28,111,77,0
138,5,2,30,50,213,93,0
108,2,3,18,44,195,90,0
60,2,13,14,27,112,75,0
93,3,3,33,46,147,89,0
62,0,0,15,69,190,70,0
92,0,7,14,53,191,83,0
105,0,2,36,58,166,73,0
63,0,2,16,24,148,70,0
108,0,2,7,20,319,50,0
49,1,4,17,25,182,62,0
105,3,3,26,38,91,69,0
63,2,4,21,33,81,82,0
96,0,3,16,26,122,92,0
151,3,6,41,66,252,91,0
51,4,1,10,27,95,78,0
131,2,1,32,50,171,77,0
72,3,1,34,34,105,77,0
109,6,1,19,37,147,84,0
51,5,2,13,52,109,74,0
88,0,5,16,30,146,79,0
138,8,0,35,48,188,94,0
79,2,1,19,37,98,71,0
70,13,11,23,35,137,86,0
90,0,2,31,23,191,82,0
125,1,8,38,37,180,88,0
90,1,0,29,21,133,69,0
112,7,0,38,51,129,87,0
125,4,6,24,51,178,90,0
82,0,1,41,46,99,78,0
62,2,4,13,36,85,65,0
69,2,1,21,21,117,64,0
74,0,0,43,31,175,75,0
78,3,1,12,29,120,76,0
73,13,1,18,23,106,81,1
122,0,0,12,15,183,55,1
93,0,1,33,42,204,88,1
91,1,3,108,24,106,74,1
134,10,1,30,44,160,97,1
95,5,2,35,52,146,86,1
121,0,1,52,53,174,77,1
69,0,3,29,34,88,71,1
90,7,2,40,33,147,86,1
115,11,1,35,31,121,86,1
139,7,1,58,72,228,82,1
74,1,0,54,19,147,74,1
99,7,7,18,21,120,80,1
94,0,2,31,41,151,82,1
123,4,1,45,42,163,89,1
149,3,1,43,43,152,87,1
91,0,2,15,21,131,81,1
88,0,0,27,53,165,76,1
150,1,0,127,120,139,62,1
87,4,2,25,30,171,87,1
117,4,3,51,43,171,87,1
52,3,1,27,36,70,72,1
138,2,2,31,35,221,81,1
147,0,2,62,43,244,81,1
52,2,3,13,31,99,68,1
137,9,3,25,70,175,89,1
84,3,8,21,26,100,72,1
116,6,4,37,34,157,89,1
83,0,3,10,38,131,86,1
30,0,0,12,12,126,56,1
88,0,4,24,48,154,73,1
121,15,3,22,35,154,85,1
34,1,1,47,29,153,52,1
100,12,3,26,43,155,88,1
102,14,2,29,32,125,89,1
118,7,0,22,39,144,74,1
107,0,0,31,44,154,79,1
53,0,0,34,15,104,41,1
154,0,1,29,29,276,79,1
58,20,13,15,42,131,75,1
60,0,0,88,19,112,42,1
83,1,3,13,35,138,79,1
97,6,10,12,35,151,85,1
72,0,0,5,1,169,20,1
130,12,0,23,37,151,81,1
64,0,0,42,34,142,63,1
161,22,6,22,51,231,94,1
128,23,6,30,47,154,87,1
120,1,0,25,30,194,77,1
43,0,0,7,28,186,49,1
62,1,2,9,26,94,68,1
168,13,7,25,41,249,102,1
109,4,0,32,23,162,75,1
74,1,1,31,35,146,79,1
103,6,4,28,40,218,93,1
64,0,0,7,30,142,51,1
84,1,1,15,25,131,76,1
131,1,3,23,52,178,85,1
114,6,6,25,27,184,84,1
63,1,1,20,35,89,67,1
103,8,4,33,26,152,96,1
141,0,1,33,32,144,85,1
115,10,1,37,42,165,83,1
86,0,0,27,41,147,71,1
42,0,0,39,43,157,48,1
104,7,1,25,32,148,77,1
153,11,5,26,44,196,94,1
60,16,2,32,32,199,88,1
149,9,1,20,48,187,86,1
147,11,4,30,34,214,86,1
118,4,3,24,40,188,96,1
121,8,1,30,40,144,91,1
111,0,2,31,32,151,81,1
119,0,0,36,47,136,74,1
103,3,4,35,29,130,82,1
111,3,2,23,34,183,84,1
92,15,0,26,47,121,79,1
55,0,3,16,23,87,61,1
119,6,19,23,42,176,94,1
128,6,3,42,45,178,95,1
143,6,3,33,42,182,93,1
72,0,0,26,18,125,63,1
75,0,0,28,37,137,63,1
126,4,0,17,35,246,74,1
146,2,1,41,39,227,94,1
89,6,5,29,32,155,78,1
146,13,3,47,35,168,87,1
73,7,3,32,46,126,79,1
109,11,0,27,30,161,90,1
96,1,0,39,44,155,75,1
163,12,1,29,46,215,92,1
102,3,2,31,34,158,91,1
165,7,2,38,47,201,96,1
93,0,0,40,42,181,75,1
119,5,0,46,37,217,89,1
114,1,3,25,38,147,90,1
88,5,0,14,34,107,74,1
84,8,12,25,41,151,88,1
123,4,0,38,43,238,96,1
91,0,0,26,24,127,77,1
96,1,3,16,24,210,68,1
58,1,3,22,27,121,70,1
163,6,7,39,37,188,87,1
91,6,6,27,23,123,76,1
98,2,4,44,26,124,86,1
80,4,1,43,34,182,88,1
124,6,0,23,45,140,84,1
120,1,5,43,32,230,84,1
115,0,0,54,29,186,90,1
151,5,3,28,34,194,83,1
53,0,0,61,30,224,19,1
111,0,0,45,29,149,85,1
105,0,0,37,43,149,86,1
64,2,4,13,40,92,83,1
51,0,0,27,26,185,64,1
64,1,2,11,11,111,65,1
90,6,1,21,32,116,77,1
59,4,0,14,28,149,74,1
75,2,2,34,24,94,72,1
90,0,3,34,31,133,78,1
139,3,0,52,35,199,99,1
99,2,0,22,35,133,74,1
147,2,2,29,78,205,86,1
107,6,2,15,37,186,87,1
138,0,0,29,8,338,46,1
118,4,0,62,26,177,82,1
94,0,1,68,82,112,66,1
103,4,4,27,32,144,89,1
98,14,1,32,53,153,90,1
130,1,4,37,49,203,92,1
106,6,5,14,33,112,82,1
112,4,2,27,29,132,86,1
119,2,1,28,29,170,80,1
72,9,3,21,27,117,75,1
110,10,7,25,46,133,87,1
24,1,5,14,28,180,71,1
138,5,2,56,50,207,93,1
65,0,0,10,22,166,58,1
54,6,1,10,37,115,76,1
70,2,1,29,31,140,81,1
106,1,4,24,29,123,88,1
129,9,5,41,50,179,89,1
64,2,0,13,27,74,83,1
148,0,0,38,49,210,77,1
159,3,7,24,60,261,95,1
117,4,1,32,47,133,82,1
108,2,11,20,57,142,81,1
64,3,3,12,30,249,71,1
85,2,1,15,18,103,72,1
100,8,2,28,54,144,87,1
60,1,0,33,56,252,80,1
34,1,2,25,23,138,55,1
125,0,0,32,23,153,80,1
87,4,0,25,30,281,83,1
152,1,1,40,40,205,81,1
82,1,2,17,29,125,60,1
54,0,0,100,2,95,13,1
117,8,0,30,24,143,81,1
91,3,4,23,38,143,86,1
91,33,0,11,35,143,79,1
4,0,0,2,2,6,13,1
96,0,1,48,20,175,88,1
139,5,0,38,48,171,91,1
137,2,1,41,48,190,96,1
106,7,3,28,55,194,88,1
135,3,2,27,41,182,80,1
158,0,0,58,39,263,90,1
75,1,1,18,50,154,76,1
135,3,5,28,33,216,90,1
131,5,1,38,39,177,90,1
87,0,0,11,15,156,71,1
118,9,2,32,33,132,83,1
119,22,1,33,43,168,90,1
2,0,0,0,1,99,12,1
102,1,0,21,35,178,84,1
116,1,1,19,48,186,67,1
63,1,0,23,41,121,63,1
49,0,3,14,22,56,64,1
180,1,6,52,57,236,89,1
51,0,0,30,11,146,53,1
155,3,0,45,54,184,89,1
50,0,0,40,42,146,53,1
122,25,9,35,40,167,91,1
60,0,2,22,24,66,67,1
91,6,1,32,18,128,78,1
84,5,0,25,52,247,80,1
113,10,2,20,25,165,90,1
103,1,2,29,23,154,79,1
94,14,1,15,39,124,83,1
118,8,2,28,45,200,89,1
70,0,5,14,30,147,51,1
84,6,1,16,30,119,84,1
100,4,3,25,42,167,86,1
73,0,0,22,50,180,55,1
144,3,0,37,58,221,90,1
104,6,0,27,30,160,91,1
73,1,0,45,21,240,79,1
114,15,9,31,36,136,84,1
135,1,1,46,77,226,91,1
85,1,1,23,43,155,72,1
80,12,0,26,24,112,83,1
48,0,0,56,22,143,44,1
118,18,0,26,27,136,83,1
100,1,0,30,56,159,74,1
96,29,4,23,36,132,87,1
135,26,3,29,36,167,92,1
132,5,4,33,31,166,94,1
117,10,0,37,52,164,89,1
112,1,0,15,33,174,75,1
109,2,0,39,39,150,81,1
127,6,0,35,34,132,83,1
124,23,2,15,25,161,82,1
166,7,0,51,54,199,92,1
9,0,0,24,29,24,32,1
123,3,0,32,17,142,77,1
130,5,3,16,43,220,71,1
146,0,0,54,47,182,90,1
48,3,2,16,23,145,54,1
73,1,4,10,30,99,78,1
137,3,1,40,43,178,85,1
28,4,0,11,19,102,70,1
91,29,0,35,28,140,88,1
160,16,0,35,35,221,94,1
87,1,1,16,24,131,61,1
83,4,0,16,32,121,81,1
134,5,2,23,42,188,85,1
81,5,4,19,31,107,78,1
91,0,1,56,35,147,81,1
92,1,1,29,28,134,85,1
151,0,0,45,34,228,77,1
106,2,1,32,48,180,92,1
94,0,2,48,32,160,82,1
126,0,0,47,25,151,85,1
84,4,2,29,24,160,79,1
117,4,0,32,42,143,81,1
58,0,2,25,14,139,53,1
68,0,0,12,28,156,62,1
121,21,0,23,46,168,84,1
135,8,2,45,38,151,86,1
100,5,5,19,35,180,82,1
143,9,1,19,54,161,89,1
87,0,0,23,25,155,81,1
67,0,0,49,32,152,65,1
106,1,1,41,62,158,88,1
144,13,0,33,46,272,87,1
138,2,2,29,48,191,102,1
126,9,3,40,50,188,91,1
85,4,1,19,30,162,76,1
82,0,0,38,53,198,82,1
91,5,0,24,25,127,76,1
147,8,0,44,54,162,83,1
62,1,1,21,24,114,71,1
150,19,5,32,44,199,93,1
32,3,2,15,33,192,61,1
92,2,2,16,28,116,72,1
85,1,0,27,26,145,85,1
134,39,0,28,37,180,86,1
52,0,0,37,15,116,42,1
101,2,7,22,55,142,92,1
88,3,0,22,47,153,86,1
111,8,4,37,35,131,88,1
72,2,1,33,29,118,53,1
86,2,0,26,36,156,82,1
188,5,3,45,35,239,100,1
90,0,0,15,23,145,54,1
125,4,11,37,62,177,92,1
83,0,1,38,33,143,70,1
91,3,0,40,37,190,89,1
135,8,11,35,42,210,89,1
31,0,0,31,17,148,47,1
116,3,4,21,42,126,82,1
130,2,1,35,37,178,88,1
128,1,0,9,18,153,77,1
56,0,12,10,26,195,57,1
89,6,5,22,25,75,70,1
63,0,0,9,22,105,66,1
105,0,0,16,47,197,78,1
50,3,6,16,29,124,68,1
107,5,0,32,40,216,79,1
63,0,1,16,51,137,63,1
67,3,0,18,28,128,72,1
133,13,3,33,50,219,95,1
101,0,1,37,32,153,74,1
92,0,0,21,15,150,65,1
50,0,0,38,14,110,43,1
90,4,3,25,32,152,85,1
107,1,0,27,34,167,86,1
97,5,1,25,21,128,81,1
163,22,2,34,44,153,91,1
144,0,0,31,25,192,84,1
103,2,1,32,55,139,87,1
85,1,3,36,27,166,100,1
167,2,4,47,37,229,92,1
98,4,0,31,26,143,80,1
157,2,0,36,36,229,86,1
64,4,0,21,25,94,78,1
133,0,0,46,33,212,85,1
120,9,5,14,27,151,87,1
28,0,0,18,28,160,57,1
41,0,0,67,68,191,50,1
113,12,3,22,36,188,88,0
69,1,0,49,24,131,70,0
104,9,3,28,66,156,87,0
96,4,4,42,47,173,92,0
136,3,2,55,35,186,89,0
133,3,2,40,32,173,92,0
143,0,1,18,53,162,72,0
110,14,2,20,47,153,78,0
69,6,1,20,32,204,78,0
74,2,2,38,36,163,80,0
92,3,10,24,45,110,73,0
100,0,2,35,20,102,72,0
87,0,0,9,31,286,68,0
43,23,4,29,27,85,76,0
115,1,3,29,46,213,90,0
125,10,20,33,61,251,95,0
150,0,1,32,29,180,70,0
96,2,1,36,34,188,82,0
137,0,0,19,50,165,68,0
47,2,2,11,55,82,67,0
43,0,0,18,42,77,59,0
130,21,6,30,26,148,94,0
96,0,7,1,55,189,44,0
111,0,3,30,47,140,83,0
71,2,5,18,37,132,82,0
120,16,5,36,31,159,94,0
58,6,2,14,38,105,81,0
48,1,0,12,41,139,64,0
79,1,0,24,29,167,66,0
76,5,3,11,27,126,77,0
78,1,15,25,36,75,78,0
104,0,3,27,47,149,78,0
106,6,2,14,29,178,77,0
76,0,0,16,40,129,63,0
58,0,0,6,26,97,39,0
112,0,1,31,31,187,92,0
211,27,19,31,36,216,98,0
94,0,1,36,38,145,79,0
71,1,0,10,47,197,70,0
81,5,6,24,41,145,91,0
97,0,0,18,23,183,74,0
40,12,1,24,22,66,64,0
45,0,1,19,46,102,72,0
109,4,2,36,39,186,85,0
87,4,3,26,32,179,68,0
69,1,3,38,39,186,71,0
51,0,0,33,46,200,55,0
82,4,1,29,32,115,83,0
154,0,9,29,92,187,70,0
80,2,3,14,23,112,79,0
147,8,1,23,51,145,93,0
89,8,7,14,56,124,84,0
102,5,8,18,49,157,91,0
80,1,0,19,37,172,74,0
70,3,3,19,25,113,75,0
109,5,4,28,48,189,87,0
104,2,4,37,44,138,83,0
70,0,1,9,53,123,76,0
82,4,1,41,37,118,84,0
93,1,1,38,29,167,79,0
124,8,6,39,37,156,84,0
103,0,5,38,29,212,73,0
127,40,3,40,47,162,93,0
102,8,7,33,61,143,78,0
102,2,1,32,38,171,86,0
8,0,0,97,93,104,29,0
124,0,0,35,37,207,82,0
102,2,3,15,33,149,81,0
89,2,1,34,47,182,78,0
84,0,0,68,29,218,78,0
106,2,3,33,25,132,82,0
143,2,4,51,40,209,90,0
74,2,2,11,47,225,70,0
135,1,0,18,52,192,74,0
91,7,6,44,41,147,88,0
86,0,6,19,46,142,71,0
129,27,9,18,40,158,90,0
80,3,2,20,42,146,86,0
92,0,3,19,35,122,77,0
57,1,8,22,39,102,81,0
78,8,2,28,46,143,87,0
70,3,0,18,32,123,72,0
142,3,15,44,43,218,93,0
134,20,2,14,42,202,85,0
81,0,0,39,23,182,66,0
107,0,0,13,38,217,51,0
108,6,2,27,23,162,88,0
89,5,2,31,21,114,83,0
97,5,3,23,45,141,75,0
21,0,0,5,25,39,43,0
97,14,4,22,36,170,87,0
114,8,3,28,36,192,92,0
88,0,0,23,41,126,60,0
118,0,4,33,67,161,70,0
131,6,1,54,45,210,100,0
74,0,1,14,22,157,56,0
88,10,12,21,27,173,86,0
34,0,0,5,51,52,40,0
62,1,1,37,40,174,73,0
74,2,0,23,61,106,60,0
101,4,6,25,45,154,90,0
112,0,0,58,22,202,63,0
78,3,1,21,21,120,79,0
86,1,2,28,34,107,89,0
97,1,0,48,54,202,81,0
68,0,0,22,43,162,59,0
75,10,6,35,64,126,91,0
70,4,2,25,34,112,74,0
96,4,0,26,40,158,84,0
68,1,0,13,38,152,67,0
73,4,1,16,28,118,75,0
71,2,6,28,30,110,74,0
77,2,1,36,40,87,67,0
110,0,1,63,55,213,85,0
120,6,4,34,37,192,91,0
84,0,0,14,40,243,56,0
52,4,3,18,37,86,80,0
67,0,0,32,36,111,77,0
129,14,1,34,48,216,95,0
81,2,1,25,29,133,82,0
119,2,0,30,51,184,85,0
80,1,2,25,33,143,89,0
109,7,3,27,39,150,91,0
27,0,2,52,22,111,53,0
77,2,2,29,43,138,75,0
116,4,10,32,34,208,83,0
143,0,3,37,53,184,85,0
91,9,5,30,51,165,89,0
49,2,9,34,35,146,49,0
80,0,0,12,44,252,67,0
31,2,2,12,28,63,65,0
69,4,0,23,45,142,73,0
90,0,0,25,19,148,77,0
139,8,8,38,41,198,101,0
69,2,0,16,27,170,68,0
81,8,23,15,35,120,85,0
87,0,6,49,65,95,51,0
56,0,0,29,21,157,73,0
96,18,5,26,29,141,90,0
63,4,3,19,33,104,74,0
70,2,2,12,15,93,79,0
115,11,3,30,29,161,91,0
74,1,3,15,48,201,64,0
98,2,4,27,26,210,76,0
80,0,0,0,79,5,8,0
81,6,1,7,30,165,74,0
97,23,2,24,65,206,92,0
68,5,0,16,30,159,90,0
122,1,4,42,32,241,85,0
123,0,5,30,30,221,87,0
110,6,6,31,44,184,85,0
138,0,3,22,45,163,71,0
105,1,0,33,32,150,88,0
121,0,0,37,24,169,87,0
140,21,2,27,40,169,89,0
68,3,2,22,23,131,86,0
58,0,1,24,27,123,68,0
73,0,1,9,23,136,63,0
102,4,8,14,51,127,71,0
136,1,1,45,51,223,88,0
109,3,27,20,35,194,84,0
77,9,16,19,28,141,89,0
104,0,1,61,43,178,79,0
120,8,7,60,53,203,100,0
127,1,2,34,38,178,87,0
85,4,0,15,34,254,68,0
47,1,1,25,25,121,70,0
116,1,0,34,28,184,78,0
49,0,5,13,44,107,55,0
115,6,2,39,44,175,89,0
61,0,3,25,43,112,56,0
68,0,0,13,30,268,62,0
214,2,3,44,64,200,82,0
121,8,3,35,44,191,97,0
103,0,1,38,55,178,71,0
131,0,0,22,30,149,71,0
87,0,0,9,31,286,68,0
58,5,3,13,38,93,78,0
59,7,0,35,35,126,79,0
83,0,0,17,50,281,64,0
95,0,6,20,39,195,78,0
110,2,2,30,46,138,89,0
88,9,1,37,70,174,87,0
103,2,1,33,34,229,90,0
99,3,0,10,17,155,69,0
121,1,1,36,45,164,85,0
84,0,0,13,39,262,58,0
61,0,3,40,24,117,60,0
82,5,3,22,35,131,79,0
80,4,12,31,53,149,88,0
117,2,3,58,42,203,85,0
94,22,3,21,25,119,92,0
93,0,0,21,23,163,75,0
114,5,2,37,38,141,86,0
106,7,6,30,28,153,87,0
65,0,0,71,35,192,58,0
110,17,4,24,40,138,87,0
70,0,0,27,64,227,48,0
53,1,1,2,27,107,46,0
10,0,0,23,118,36,28,0
42,0,4,4,28,108,55,0
151,1,2,36,81,111,62,0
58,2,1,24,18,80,73,0
105,0,0,25,27,148,79,0
71,2,1,25,31,124,70,0
107,3,0,47,48,158,85,0
66,11,2,17,22,137,71,0
124,14,5,33,47,174,81,0
23,12,0,19,11,42,57,0
56,0,0,25,43,157,64,0
91,7,12,31,38,182,89,0
101,0,0,0,0,52,2,0
70,3,3,19,65,126,81,0
176,11,8,48,50,247,103,0
87,2,2,16,40,130,80,0
57,1,1,47,38,110,60,0
149,19,6,44,39,200,99,0
88,1,9,21,44,203,87,0
95,1,1,18,27,106,78,0
142,7,2,22,33,256,79,0
106,7,7,30,46,199,92,0
118,8,6,29,32,168,88,0
132,4,0,37,40,230,89,0
104,5,4,34,58,166,89,0
63,3,2,41,38,285,85,0
127,1,2,30,48,164,86,0
65,0,0,41,24,229,63,0
98,2,6,11,38,168,75,0
120,0,1,26,53,158,82,0
70,1,1,14,30,106,68,0
73,4,3,23,30,99,83,0
115,3,0,19,38,134,79,0
125,0,1,32,53,180,76,0
97,8,2,36,32,144,88,0
127,10,10,52,42,222,92,0
88,1,4,37,35,213,45,0
64,0,3,16,17,89,68,0
80,6,7,25,25,115,77,0
121,9,8,27,42,208,94,0
54,1,0,16,30,137,71,0
80,0,1,17,33,167,79,0
48,6,4,12,19,93,64,0
79,0,0,11,44,263,63,0
103,1,10,24,64,187,78,0
79,2,7,24,30,122,76,0
86,11,4,28,45,122,81,0
39,0,0,22,13,105,50,0
69,1,5,22,55,119,81,0
111,7,1,20,44,191,87,0
72,6,3,20,19,127,79,0
142,1,3,41,27,191,91,0
133,32,5,37,31,173,85,0
118,11,4,20,34,184,93,0
81,7,9,6,33,124,81,0
99,14,2,30,28,143,88,0
79,3,1,31,42,126,88,0
111,1,0,23,31,196,89,0
57,1,0,18,57,82,68,0
145,0,4,15,57,181,71,0
107,2,0,28,52,167,87,0
100,17,2,15,54,120,85,0
70,2,3,18,46,121,84,0
134,15,1,28,43,248,92,0
86,0,0,33,33,181,82,0
90,3,2,16,31,141,79,0
65,11,4,16,36,89,80,0
112,7,4,24,30,136,81,0
98,5,0,24,44,143,84,0
130,8,4,37,36,210,92,0
103,0,2,31,34,159,82,0
89,3,1,38,30,149,84,0
48,5,5,19,23,123,79,0
108,1,4,28,52,143,84,0
97,8,4,24,34,239,81,0
67,9,0,14,25,125,73,0
135,27,18,14,40,208,77,0
70,0,3,21,29,160,69,0
36,0,0,6,14,84,37,0
100,3,3,21,36,171,85,0
113,2,4,41,35,156,96,0
78,0,12,19,30,108,77,0
97,6,1,25,31,237,84,0
77,0,5,36,40,128,64,0
125,9,9,27,58,182,89,0
95,3,2,27,33,121,94,0
106,2,4,20,27,134,81,0
83,6,1,21,38,162,85,0
44,3,3,10,33,232,66,0
97,3,5,20,56,193,88,0
82,0,16,23,46,118,76,0
101,8,11,26,25,134,83,0
133,1,5,17,29,151,75,0
60,0,0,13,39,97,65,0
101,3,4,31,40,162,93,0
101,5,1,21,36,173,88,0
154,11,5,55,102,164,90,0
154,1,6,51,37,179,64,0
111,5,1,38,21,141,93,0
123,10,8,32,46,159,96,0
47,1,1,16,21,105,65,0
89,1,0,27,30,112,76,1
104,2,1,26,33,148,79,1
72,1,0,20,24,129,71,1
64,4,3,11,36,80,70,1
107,17,1,44,39,207,91,1
113,2,0,58,27,153,85,1
105,0,0,32,20,170,85,1
126,7,8,34,49,163,92,1
142,0,0,15,36,255,69,1
162,2,1,28,28,197,88,1
119,11,4,27,54,187,92,1
104,20,4,21,26,160,91,1
109,12,0,28,38,166,83,1
59,2,1,13,23,115,73,1
86,0,0,14,51,156,51,1
105,5,1,29,20,163,83,1
89,2,4,26,29,101,79,1
15,0,0,14,13,173,39,1
156,7,1,32,44,222,90,1
43,0,0,8,13,45,44,1
84,7,0,19,17,123,67,1
93,0,0,24,29,188,79,1
122,20,12,26,53,209,90,1
128,8,0,26,35,152,89,1
93,6,2,21,27,189,85,1
114,1,0,56,24,174,83,1
95,2,17,19,51,152,86,1
108,1,1,17,44,164,67,1
116,14,4,26,24,140,87,1
121,11,2,34,21,178,90,1
88,0,0,42,25,161,73,1
59,3,4,43,56,184,70,1
120,13,4,35,37,229,96,1
73,15,0,21,44,120,82,1
167,3,0,33,20,236,85,1
75,3,0,20,66,241,81,1
86,3,1,24,36,135,80,1
105,12,4,23,29,168,81,1
114,14,14,38,24,156,90,1
106,1,0,44,18,177,75,1
64,0,0,19,20,198,73,1
67,3,0,42,22,154,62,1
100,1,0,28,31,162,84,1
113,1,0,35,21,212,76,1
106,1,0,33,27,181,81,1
78,4,0,15,20,142,82,1
100,2,2,19,23,135,82,1
96,6,1,23,28,134,83,1
90,4,0,39,36,100,79,1
79,3,0,26,21,110,74,1
95,6,7,29,57,171,90,1
130,1,0,34,23,206,84,1
110,22,4,22,33,150,91,1
83,3,1,25,21,141,74,1
89,10,7,16,34,136,78,1
150,15,4,20,32,218,91,1
106,7,3,41,43,158,91,1
138,1,14,38,34,171,92,1
125,7,5,24,31,172,92,1
113,2,5,23,29,207,85,1
135,8,1,33,31,188,91,1
58,1,0,36,20,159,59,1
123,2,1,27,29,158,84,1
47,1,0,19,31,184,51,1
72,1,0,24,26,101,74,1
163,12,1,43,67,172,89,1
95,3,0,45,29,123,89,1
43,0,2,9,38,173,41,1
97,1,2,46,36,149,82,1
79,1,1,37,81,130,71,1
118,6,3,42,41,200,92,1
153,8,1,39,43,199,94,1
159,0,10,66,63,285,87,1
125,8,1,25,20,160,86,1
101,8,2,59,30,181,87,1
147,3,2,38,51,213,92,1
94,5,0,23,26,140,76,1
47,0,0,52,46,190,58,1
116,11,0,30,28,152,86,1
103,2,0,45,41,173,92,1
71,8,1,25,27,124,85,1
105,3,8,42,32,212,96,1
140,8,2,19,32,210,87,1
109,5,1,26,33,149,83,1
98,0,0,21,13,202,49,1
92,2,0,28,37,137,82,1
81,0,1,21,18,108,68,1
120,11,3,27,38,197,93,1
119,0,1,20,50,180,79,1
108,15,8,22,25,143,90,1
130,2,0,42,33,213,75,1
92,11,3,22,19,104,85,1
91,2,0,30,29,178,92,1
144,3,1,40,48,176,91,1
105,1,0,16,31,211,70,1
101,1,0,27,25,157,80,1
95,10,9,42,27,152,86,1
147,3,0,105,132,159,57,1
74,4,10,12,16,100,76,1
83,0,0,36,31,122,79,1
40,0,0,62,19,168,62,1
107,1,0,27,37,174,86,1
117,1,2,29,41,196,97,1
87,3,2,19,14,122,66,1
23,0,0,6,10,36,47,1
129,2,0,34,33,163,89,1
146,5,9,36,54,176,86,1
31,0,1,17,14,161,68,1
122,6,5,25,43,155,91,1
79,2,0,33,16,104,81,1
103,0,0,40,32,227,80,1
151,15,1,52,47,184,93,1
123,6,3,33,36,143,90,1
84,8,0,19,30,149,84,1
162,3,2,38,46,238,92,1
49,6,0,19,30,192,71,1
91,9,0,11,23,186,84,1
109,1,0,27,33,136,73,1
146,11,2,26,34,238,92,1
102,6,0,24,17,118,83,1
143,13,1,22,22,178,81,1
77,7,1,24,37,191,85,1
96,3,0,33,37,135,77,1
135,2,5,51,27,196,92,1
135,3,1,42,66,327,79,1
58,0,0,21,17,120,57,1
73,8,2,17,16,108,74,1
128,3,0,52,32,175,75,1
124,5,1,41,29,188,81,1
101,0,0,19,67,129,75,1
157,0,1,40,35,229,90,1
124,5,4,26,26,150,80,1
88,9,5,21,25,123,81,1
161,4,1,41,35,238,97,1
150,12,0,47,47,284,95,1
113,0,1,50,29,156,85,1
102,4,0,30,35,141,87,1
153,1,2,23,33,180,92,1
1,0,0,3,1,6,5,1
99,10,10,22,38,157,95,1
90,6,5,22,49,146,80,1
127,4,3,21,33,204,90,1
125,15,10,25,26,170,94,1
97,9,12,29,22,119,86,1
127,24,3,29,32,146,88,1
174,3,1,31,44,234,88,1
127,3,0,38,25,188,93,1
116,2,3,33,31,175,86,1
76,9,1,23,23,186,75,1
72,15,2,13,25,105,79,1
74,1,0,36,25,123,78,1
49,1,0,12,12,100,62,1
94,8,0,36,41,179,75,1
106,0,0,53,28,198,67,1
96,0,0,57,24,149,81,1
107,3,2,34,38,218,90,1
129,13,1,30,35,249,92,1
122,12,9,36,45,169,93,1
176,4,5,40,44,232,90,1
110,8,0,11,42,151,77,1
112,13,0,27,44,164,79,1
188,11,2,53,45,224,95,1
99,2,2,30,30,134,85,1
74,13,2,22,33,146,88,1
24,0,0,29,25,120,49,1
92,6,0,43,34,149,77,1
90,1,1,37,26,148,82,1
81,0,0,31,31,199,71,1
150,4,2,38,55,218,100,1
98,8,1,37,30,202,89,1
72,2,0,46,20,154,79,1
76,0,0,30,27,107,76,1
82,0,0,21,23,185,58,1
115,7,8,38,46,131,82,1
94,9,2,23,17,135,78,1
47,5,2,27,15,53,60,1
139,1,1,46,47,187,84,1
108,6,0,17,29,184,87,1
99,8,4,21,32,160,87,1
129,3,3,41,38,170,89,1
129,2,2,34,38,169,92,1
125,13,2,27,46,144,91,1
108,4,1,34,33,146,86,1
119,5,1,24,33,151,91,1
128,5,1,34,30,160,85,1
124,4,3,75,36,181,94,1
98,3,0,17,61,154,70,1
184,13,1,31,49,232,84,1
62,5,5,27,19,84,74,1
97,9,3,33,20,174,80,1
99,2,1,13,52,258,67,1
130,12,7,28,29,143,85,1
83,7,1,17,18,134,83,1
143,13,1,39,46,246,90,1
140,3,1,51,39,226,95,1
83,4,0,26,21,146,84,1
103,1,0,25,32,179,68,1
119,2,0,43,11,162,68,1
126,1,0,38,24,174,87,1
86,12,2,11,29,130,78,1
96,4,0,37,30,198,87,1
120,3,0,28,39,214,88,1
110,13,0,25,25,115,82,1
109,4,2,25,31,126,81,1
86,26,10,18,15,99,77,1
102,3,1,29,33,204,87,1
81,0,3,34,36,193,82,1
91,0,0,15,52,158,65,1
65,0,3,30,44,151,71,1
115,3,0,33,25,196,86,1
78,1,0,25,35,99,75,1
86,9,0,19,22,141,78,1
93,4,1,39,23,185,82,1
115,13,0,37,21,134,89,1
112,6,1,38,38,172,95,1
98,4,21,34,61,138,86,1
159,1,2,48,50,255,93,1
86,0,0,55,18,164,74,1
135,3,1,52,23,179,107,1
98,29,2,19,30,152,86,1
148,16,2,55,39,178,90,1
139,4,5,42,37,219,93,1
73,0,0,32,24,187,68,1
110,1,3,21,27,205,79,1
62,1,0,22,18,150,66,1
100,0,1,28,41,233,81,1
103,10,0,33,36,165,84,1
111,10,2,17,30,199,93,1
93,4,4,24,21,119,86,1
90,1,0,22,42,119,67,1
17,0,0,6,15,58,55,1
125,8,0,18,29,137,82,1
115,34,0,39,55,245,86,1
105,4,2,45,26,164,90,1
161,3,1,57,47,301,89,1
72,1,0,57,51,154,68,1
102,4,0,40,36,154,75,1
96,3,0,24,24,201,80,1
107,1,1,26,52,173,80,1
125,17,1,46,31,187,89,1
208,0,0,95,20,129,22,1
164,1,0,29,33,213,97,1
17,0,0,40,47,49,27,1
103,4,5,18,25,165,92,1
227,1,0,15,74,184,78,1
81,6,8,22,22,208,92,1
143,0,3,68,42,161,89,1
111,6,2,32,38,230,83,1
48,1,0,26,19,174,62,1
83,9,6,22,22,125,81,1
91,2,0,27,28,143,73,1
80,1,0,52,50,161,83,1
103,5,2,27,28,115,80,1
56,1,2,21,37,234,72,1
116,0,3,49,21,200,84,1
90,6,0,42,34,185,81,1
44,1,0,17,29,196,70,1
169,15,0,32,55,339,88,1
88,4,1,21,18,93,86,1
90,8,2,23,27,92,80,1
120,1,3,39,35,159,89,1
89,12,0,18,34,173,89,1
132,11,1,23,29,192,92,1
76,2,1,25,37,117,78,1
123,15,4,33,39,231,92,1
100,2,4,51,36,160,93,1
73,2,1,32,19,150,77,1
43,0,0,67,31,214,52,1
70,0,0,16,28,101,50,1
82,4,1,21,27,181,79,1
62,0,0,18,27,171,62,1
52,8,3,22,25,89,78,1
118,13,0,36,53,156,89,1
115,4,4,14,42,172,96,1
143,3,2,49,35,192,88,1
165,4,3,25,30,332,84,1
75,2,1,19,26,125,79,1
157,3,3,27,28,204,90,1
123,32,0,28,39,205,92,1
111,0,0,42,43,248,91,1
132,16,0,45,45,220,90,1
99,4,2,41,44,145,87,1
87,0,3,15,19,93,72,1
122,0,6,30,26,158,88,1
75,0,0,14,17,119,53,1
94,0,0,32,16,142,74,1
64,1,2,39,41,108,76,1
99,14,13,26,47,116,84,1
17,0,0,12,21,64,39,1
52,1,3,11,20,73,68,1
111,3,0,25,35,179,87,1
129,8,0,68,24,269,70,1
129,0,0,62,22,241,86,1
118,10,7,21,36,158,88,1
107,8,2,20,44,172,86,1
82,1,1,11,30,206,73,1
54,0,0,13,46,113,47,1
90,3,4,30,23,124,82,1
119,25,1,46,49,212,87,1
125,3,0,21,27,174,82,1
78,1,2,20,20,108,68,0
97,10,1,21,50,159,87,0
135,0,2,47,52,217,89,0
71,3,1,30,35,120,80,0
145,21,0,43,66,205,81,0
91,0,7,25,48,149,91,0
108,6,1,28,32,142,92,0
105,11,1,31,34,139,84,0
116,2,1,42,39,165,82,0
111,4,9,25,34,185,96,0
125,3,3,35,50,190,99,0
120,2,4,29,62,204,85,0
94,7,3,37,68,159,87,0
102,0,0,28,20,174,57,0
61,0,1,25,25,110,64,0
90,0,3,19,30,166,75,0
102,4,3,24,55,213,89,0
117,13,12,27,61,150,89,0
119,15,13,37,44,145,89,0
88,9,9,38,36,178,90,0
102,7,2,30,46,118,76,0
103,8,0,21,29,128,83,0
96,5,0,33,53,155,84,0
100,13,5,42,42,123,81,0
74,2,2,9,38,148,67,0
86,0,0,17,65,153,72,0
103,3,5,29,22,137,77,0
103,4,6,34,40,149,85,0
82,11,0,17,24,75,74,0
106,3,2,27,27,184,93,0
98,1,4,32,39,172,79,0
81,1,0,43,28,174,82,0
86,5,7,11,46,151,73,0
112,1,0,27,31,144,80,0
66,3,5,20,21,91,71,0
78,3,7,25,44,118,82,0
123,0,3,38,49,185,83,0
143,1,2,42,37,199,86,0
103,7,1,37,36,129,82,0
109,1,0,30,29,149,85,0
64,4,5,16,21,120,75,0
74,1,1,12,46,83,66,0
61,2,1,17,29,96,76,0
99,6,6,23,39,143,84,0
120,3,1,30,32,210,86,0
31,0,0,4,7,43,47,0
82,6,3,16,36,114,82,0
92,0,2,20,23,164,82,0
105,0,0,33,34,157,79,0
101,1,1,23,37,156,86,0
133,2,1,40,25,209,81,0
49,0,0,22,20,139,61,0
87,0,2,50,44,172,67,0
103,4,3,9,43,132,71,0
66,0,2,13,31,123,59,0
115,9,3,25,35,133,90,0
73,0,2,15,31,178,63,0
56,1,0,11,27,59,61,0
77,0,1,27,32,121,81,0
123,1,4,36,26,182,93,0
152,1,4,65,36,208,91,0
80,1,3,24,23,111,71,0
106,1,3,32,36,200,82,0
84,0,0,7,16,431,44,0
110,0,0,39,38,202,86,0
81,2,1,22,28,119,80,0
69,1,1,22,46,110,76,0
127,8,0,27,27,218,89,0
66,1,0,15,23,88,64,0
105,2,7,27,29,160,85,0
152,2,4,27,36,221,81,0
142,3,6,41,66,191,92,0
101,0,0,59,38,180,75,0
103,1,2,35,47,157,81,0
99,0,0,25,25,171,73,0
108,2,0,30,24,167,75,0
120,2,3,31,36,177,87,0
76,3,1,14,35,90,70,0
68,0,4,20,56,117,85,0
94,4,5,27,47,138,83,0
45,0,0,15,25,134,61,0
100,3,17,26,42,231,89,0
143,3,5,41,55,259,106,0
118,2,0,28,17,149,64,0
113,20,0,30,45,127,89,0
85,1,0,23,33,140,83,0
115,3,1,27,38,151,89,0
43,1,3,18,35,83,74,0
131,0,2,16,59,193,74,0
101,4,1,37,54,154,88,0
109,5,12,35,72,182,93,0
100,5,3,30,42,174,87,0
82,2,6,37,23,108,78,0
130,4,2,41,42,206,90,0
87,0,0,18,31,174,75,0
74,0,0,7,37,200,57,0
78,3,2,24,33,138,83,0
154,5,2,39,30,162,98,0
75,2,0,32,32,173,90,0
125,14,4,49,42,162,94,0
88,2,2,26,27,113,78,0
94,8,3,17,34,138,81,0
114,3,5,54,40,157,86,0
137,1,1,40,51,200,87,0
112,0,0,16,29,167,73,0
85,0,1,27,28,148,83,0
123,0,3,58,40,182,89,0
112,1,3,29,40,158,93,0
77,5,4,29,31,88,72,0
81,9,0,26,17,123,61,0
89,1,0,38,35,182,80,0
124,2,3,24,42,182,99,0
51,0,4,15,22,66,58,0
109,2,8,29,41,150,86,0
102,6,0,21,57,162,78,0
91,0,4,22,46,149,83,0
71,4,4,37,48,155,80,0
85,3,3,27,26,98,86,0
115,7,4,34,38,224,97,0
166,3,2,55,56,206,97,0
98,0,0,15,28,125,75,0
167,0,7,30,65,229,91,0
121,4,1,37,42,167,88,0
106,1,0,19,42,168,77,0
87,1,0,19,39,138,71,0
155,7,11,31,49,193,95,0
164,2,0,16,43,252,85,0
132,5,3,40,40,184,92,0
118,3,5,21,40,166,82,0
113,9,7,43,47,162,92,0
101,10,2,29,54,129,85,0
87,1,2,18,30,121,73,0
109,1,4,40,36,149,83,0
84,1,2,21,23,143,81,0
90,0,1,27,27,145,85,0
126,7,5,29,41,207,88,0
122,4,4,32,28,152,101,0
114,2,0,30,36,174,78,0
125,9,1,29,31,152,82,0
119,2,0,38,51,194,84,0
132,10,0,22,49,194,87,0
164,0,4,19,58,203,69,0
51,0,0,17,35,121,44,0
148,2,0,33,32,182,88,0
60,1,3,21,29,89,70,0
89,6,4,21,34,167,82,0
156,6,4,45,65,234,93,0
125,10,2,36,31,166,88,0
131,0,2,31,44,191,92,0
93,2,6,26,30,121,84,0
120,4,1,34,39,157,81,0
84,1,3,11,32,167,82,0
93,6,4,22,27,141,80,0
134,6,4,62,45,241,97,0
97,2,0,35,39,195,87,0
110,13,5,31,34,119,81,0
118,2,3,29,33,159,86,0
55,0,0,23,23,133,74,0
80,2,4,20,24,153,81,0
100,1,5,39,43,139,89,0
146,5,1,48,40,179,94,0
138,4,4,22,63,176,100,0
148,5,7,36,39,194,87,0
119,10,10,46,26,152,89,0
126,4,7,36,49,167,86,0
82,0,2,25,28,159,78,0
119,0,5,49,47,177,83,0
109,1,0,23,30,162,78,0
85,2,2,42,29,115,89,0
108,2,2,22,42,237,88,0
70,0,0,19,23,152,55,0
138,10,2,13,38,212,83,0
116,0,5,36,27,170,90,0
98,0,1,29,37,127,77,0
98,2,2,40,29,197,80,0
127,2,3,21,36,179,82,0
76,1,2,19,43,142,74,0
54,2,2,16,19,135,63,0
91,0,0,15,22,145,68,0
67,0,0,66,45,183,79,0
118,4,9,18,43,148,90,0
98,4,2,25,41,157,86,0
101,6,3,52,62,203,87,0
102,9,4,36,29,149,82,0
68,2,10,31,64,196,75,0
84,0,1,22,35,123,80,0
82,9,5,16,41,106,83,0
94,2,10,39,42,171,91,0
67,0,3,18,25,150,74,0
111,3,1,47,41,192,85,0
108,0,18,46,26,141,80,0
104,2,1,62,15,84,66,0
90,11,6,17,43,181,91,0
103,2,2,29,36,157,78,0
131,9,1,19,47,211,89,0
133,8,1,26,28,156,85,0
128,10,3,23,37,195,94,0
120,0,1,27,30,207,81,0
105,1,2,36,32,145,82,0
106,0,1,67,63,103,77,0
81,0,1,14,25,104,57,0
130,3,1,40,61,200,93,0
89,1,1,15,21,149,62,0
93,1,3,27,34,182,88,0
118,1,7,35,43,191,88,0
59,1,2,13,21,111,70,0
83,4,6,26,48,145,78,0
140,2,10,34,67,182,82,0
63,3,5,20,27,101,70,0
125,1,3,34,39,176,86,0
85,0,0,41,35,141,68,0
77,0,0,23,23,160,75,0
32,0,2,11,14,119,56,0
111,0,1,19,28,180,83,0
119,2,1,29,36,155,91,0
129,0,1,30,38,251,85,0
111,3,2,37,54,232,93,0
100,3,3,30,27,163,83,0
108,1,0,31,26,137,77,0
38,2,4,11,38,154,69,0
85,3,0,29,35,119,73,0
78,0,3,17,19,123,74,0
170,1,4,22,64,211,85,0
117,5,3,35,39,176,88,0
58,7,3,19,33,229,70,0
85,4,7,33,36,158,86,0
80,0,1,5,73,187,71,0
108,1,0,7,158,336,45,0
108,3,7,34,40,153,86,0
132,0,4,31,32,228,83,0
121,5,4,34,38,145,82,0
134,22,4,20,23,159,93,0
76,3,6,22,21,134,80,0
76,2,9,13,28,142,79,0
55,1,4,18,39,101,78,0
160,0,2,24,67,170,84,0
94,0,1,40,25,166,81,0
59,0,2,15,39,153,72,0
92,0,2,23,49,187,78,0
99,10,5,29,55,163,89,0
85,0,0,26,44,199,87,0
153,1,3,23,47,200,93,0
48,4,1,21,37,74,66,0
106,1,0,31,35,143,85,0
128,6,3,33,37,181,92,0
105,7,3,36,48,177,95,0
109,9,5,12,31,108,70,0
118,7,3,29,58,262,89,0
104,1,6,36,31,161,83,0
74,0,3,23,35,121,85,0
115,9,5,45,36,152,85,0
118,3,5,44,26,194,93,0
111,13,13,37,30,136,91,0
121,4,5,37,42,173,91,0
127,8,1,34,33,198,94,0
75,2,1,23,30,139,87,0
55,1,2,15,26,101,72,0
55,0,0,27,39,103,56,0
134,1,1,51,41,245,106,0
58,2,10,19,19,61,64,0
67,0,0,31,17,111,72,0
135,4,12,47,41,170,91,0
114,0,3,43,34,142,87,0
81,5,5,17,37,130,91,0
115,3,6,37,29,151,89,0
72,0,0,11,41,156,49,0
80,2,4,20,20,122,71,0
130,4,1,22,40,137,82,0
91,8,0,38,39,156,79,0
116,7,9,17,39,162,86,0
167,7,3,36,67,232,94,0
66,2,2,14,24,131,75,0
131,7,1,31,43,189,96,0
123,5,4,57,43,217,89,0
108,1,2,17,28,163,84,0
82,0,3,30,48,88,70,0
99,0,0,36,46,196,71,0
127,4,0,55,52,208,95,0
100,16,1,47,32,199,90,0
67,2,2,25,30,99,79,0
96,4,1,18,29,137,82,0
99,0,0,28,33,139,79,0
77,2,0,54,32,182,79,0
93,1,1,30,51,136,81,0
65,0,0,24,34,123,79,0
103,9,1,33,37,166,81,0
67,2,2,24,34,112,80,0
108,5,6,28,44,143,86,0
76,0,1,33,29,183,75,0
91,3,7,29,55,161,91,0
97,0,0,54,29,180,88,0
90,2,2,29,28,144,84,0
133,4,5,47,50,219,91,0
36,0,0,9,19,83,44,0
99,3,3,21,19,136,88,0
114,4,2,22,34,168,78,0
148,11,1,49,68,220,98,0
111,4,5,26,46,165,88,0
96,0,1,40,24,140,83,0
111,5,7,34,42,175,93,0
107,3,9,31,37,155,92,1
120,7,0,15,36,178,84,1
121,10,3,39,35,180,91,1
84,7,5,18,26,187,87,1
90,1,0,35,25,110,79,1
145,15,3,44,26,203,89,1
114,5,0,21,35,147,92,1
147,6,10,32,57,210,97,1
109,2,1,22,33,141,84,1
94,15,1,40,29,129,91,1
161,14,2,35,66,206,91,1
117,1,1,27,40,186,101,1
12,0,0,2,7,64,22,1
99,0,1,31,34,126,71,1
94,13,0,35,30,153,80,1
161,3,0,57,45,188,88,1
53,5,6,4,22,75,65,1
85,8,0,38,40,127,77,1
124,11,4,24,33,140,94,1
115,8,4,29,26,184,94,1
113,2,5,33,21,138,81,1
80,5,1,25,31,129,80,1
104,0,0,26,28,127,88,1
145,2,1,39,45,203,92,1
99,2,1,49,41,155,87,1
102,13,1,21,24,152,79,1
69,4,2,18,21,112,74,1
16,0,0,12,18,46,41,1
116,0,0,28,37,172,78,1
115,2,1,53,42,193,88,1
114,0,0,28,21,160,85,1
89,1,2,24,28,144,78,1
89,0,2,31,21,165,76,1
97,8,1,31,35,221,81,1
84,1,2,23,43,131,76,1
148,0,3,45,33,186,76,1
92,3,10,31,70,114,85,1
114,10,4,40,35,154,85,1
107,2,1,39,39,189,88,1
172,6,21,20,55,233,99,1
101,9,1,25,38,162,83,1
139,18,5,44,35,190,89,1
102,9,19,37,27,160,102,1
92,1,1,28,16,135,70,1
150,1,3,75,41,221,91,1
120,11,0,21,34,155,86,1
66,0,2,12,26,50,50,1
133,2,1,41,34,155,82,1
173,9,0,62,43,227,94,1
94,5,1,31,30,119,77,1
126,7,4,35,33,151,89,1
128,3,0,27,38,149,71,1
34,0,0,18,29,103,48,1
143,0,0,8,54,225,22,1
141,10,2,30,45,172,89,1
150,1,0,18,57,227,78,1
102,3,0,39,32,139,91,1
59,1,0,33,21,101,76,1
87,2,0,19,41,203,83,1
131,1,0,46,32,184,89,1
149,8,4,51,40,223,94,1
172,0,0,53,59,243,75,1
151,8,0,37,37,214,86,1
107,3,1,25,27,157,77,1
140,13,11,44,51,212,93,1
102,4,2,29,20,108,81,1
72,0,0,52,22,132,75,1
83,8,2,20,47,148,78,1
95,0,0,26,40,117,79,1
101,3,2,14,36,105,73,1
130,0,0,39,35,202,94,1
132,3,2,38,35,227,87,1
116,2,0,44,41,214,87,1
154,2,0,48,36,188,87,1
117,5,0,16,21,144,86,1
83,1,0,25,26,127,75,1
71,0,1,10,28,108,60,1
99,0,0,27,25,140,86,1
76,0,0,52,17,151,57,1
148,1,0,33,56,188,83,1
137,4,5,46,51,233,93,1
114,4,9,33,36,188,86,1
145,1,0,59,32,238,94,1
129,2,7,49,35,172,96,1
93,2,3,36,20,129,86,1
141,1,3,33,60,209,93,1
120,1,1,55,34,162,91,1
90,0,0,33,16,139,82,1
93,0,0,45,14,130,81,1
76,1,0,38,33,176,63,1
105,1,2,32,31,143,81,1
116,4,0,38,40,206,84,1
110,1,0,34,24,161,92,1
140,7,3,43,35,196,96,1
85,10,3,26,56,122,81,1
96,2,2,25,27,117,80,1
100,9,0,41,31,195,81,1
163,5,4,45,39,221,92,1
66,2,2,16,24,131,74,1
90,1,0,26,42,160,81,1
146,3,3,51,47,206,100,1
145,7,3,46,33,192,104,1
129,0,1,29,32,195,82,1
70,5,1,42,41,148,85,1
100,23,1,26,33,155,88,1
78,3,1,39,12,101,98,1
83,3,6,12,34,117,82,1
156,0,2,27,30,206,90,1
131,3,0,42,50,202,88,1
95,1,2,24,28,125,86,1
124,18,1,32,42,192,94,1
107,2,0,29,31,137,94,1
144,16,0,29,32,156,92,1
1,0,0,1,0,72,3,1
98,4,4,29,31,167,92,1
101,8,2,39,27,131,92,1
133,5,3,49,36,220,91,1
89,0,0,9,32,288,65,1
81,2,3,21,17,142,72,1
135,3,2,48,37,192,95,1
135,5,1,36,28,202,84,1
106,1,2,21,27,156,72,1
122,3,0,61,37,230,91,1
140,9,2,44,26,152,88,1
145,0,2,35,46,234,91,1
133,5,2,27,42,175,95,1
84,2,0,75,14,150,62,1
86,12,1,20,27,153,91,1
116,20,0,36,36,148,87,1
82,0,0,20,22,114,68,1
88,3,2,30,24,117,81,1
124,1,4,44,35,158,95,1
114,7,4,37,28,164,83,1
175,0,3,65,77,194,48,1
84,6,0,20,33,118,78,1
137,14,1,41,35,233,89,1
111,16,7,32,34,171,85,1
147,3,0,57,49,199,101,1
162,8,0,56,42,248,93,1
73,0,0,4,54,134,33,1
100,1,0,38,33,136,92,1
135,11,0,31,30,172,82,1
97,1,2,27,30,141,87,1
108,1,0,38,33,174,90,1
125,9,2,39,32,204,87,1
151,1,6,38,56,170,88,1
162,16,2,31,45,244,98,1
85,0,0,22,54,138,72,1
117,5,6,24,22,159,82,1
113,12,2,27,28,145,89,1
138,1,0,46,47,262,92,1
113,2,1,52,25,169,96,1
122,3,3,14,10,123,59,1
86,3,0,28,35,198,72,1
129,9,0,67,43,246,104,1
62,5,2,14,31,87,82,1
131,0,0,15,83,193,76,1
131,0,0,15,83,193,76,1
88,0,0,2,0,12,11,1
144,6,6,35,29,209,101,1
100,1,0,27,25,191,79,1
93,11,0,25,25,120,85,1
82,2,2,32,33,209,78,1
107,1,0,13,29,161,92,1
129,1,1,53,40,208,92,1
76,4,0,17,27,163,72,1
129,2,0,38,21,147,89,1
152,1,0,6,11,157,42,1
115,0,1,39,28,195,94,1
125,6,0,35,28,168,90,1
73,0,1,9,25,89,79,1
122,2,0,30,40,152,81,1
111,0,0,56,27,152,75,1
102,4,3,30,41,193,97,1
143,8,11,35,26,154,87,1
62,0,1,19,25,119,78,1
127,0,0,18,40,178,76,1
114,4,3,36,43,169,86,1
124,3,4,33,30,184,94,1
106,3,3,35,52,132,89,1
109,3,0,36,19,169,81,1
120,10,5,35,32,172,86,1
150,6,4,51,70,179,98,1
58,1,0,27,17,189,61,1
125,1,1,30,32,155,94,1
67,3,7,26,25,103,82,1
141,0,3,61,32,264,92,1
79,0,2,8,51,122,72,1
105,0,6,27,40,164,81,1
102,7,0,33,48,154,92,1
105,5,3,27,20,135,88,1
110,0,0,39,28,127,76,1
126,0,0,22,15,150,75,1
106,0,1,15,32,123,47,1
91,1,6,11,32,126,84,1
127,0,2,37,39,194,91,1
127,3,3,27,40,130,77,1
149,6,5,32,45,213,96,1
92,2,0,31,19,127,84,1
135,18,1,54,41,192,90,1
82,1,1,20,22,125,73,1
111,2,1,40,33,164,88,1
1,0,0,3,1,100,2,1
106,4,0,16,26,175,72,1
101,0,3,37,38,158,90,1
92,1,1,26,26,157,87,1
110,6,0,28,29,195,84,1
105,13,1,33,42,185,94,1
106,8,1,20,33,155,88,1
140,2,0,59,17,178,88,1
104,9,0,33,27,156,81,1
132,9,0,19,31,138,74,1
170,16,1,43,40,231,110,1
69,5,1,6,14,140,71,1
119,2,16,33,31,120,88,1
129,0,0,40,40,197,92,1
126,7,0,33,51,206,88,1
117,1,1,19,27,244,72,1
78,0,0,24,26,204,66,1
131,6,0,71,97,136,72,1
116,1,0,36,33,151,76,1
106,1,0,53,32,163,89,1
132,2,0,45,38,213,87,1
110,2,0,28,33,167,79,1
131,5,3,33,40,194,90,1
108,9,3,22,29,131,87,1
132,11,2,50,40,198,88,1
131,5,2,31,34,188,93,1
67,4,1,21,19,106,79,1
143,7,2,44,40,214,86,1
154,11,0,39,30,205,105,1
96,1,0,17,27,129,67,1
93,6,5,44,30,147,88,1
168,5,1,22,43,207,95,1
119,13,0,27,35,164,89,1
182,31,8,38,48,274,93,1
123,5,0,39,34,193,99,1
147,1,0,62,40,218,86,1
122,5,0,20,26,131,80,1
73,1,1,26,19,121,77,1
141,4,5,31,38,192,81,1
103,14,0,25,47,141,89,1
115,8,2,30,32,168,92,1
123,13,3,29,23,145,85,1
75,6,0,31,20,134,81,1
102,4,5,48,34,180,97,1
129,3,4,34,29,222,90,1
121,8,1,36,33,153,87,1
107,0,0,21,20,127,79,1
94,3,9,20,23,163,77,1
68,1,1,17,26,116,83,1
92,5,4,16,36,169,67,1
132,2,0,52,43,169,88,1
115,5,0,29,28,149,83,1
100,4,1,35,47,170,89,1
104,0,1,43,43,119,66,1
136,6,4,29,38,177,89,1
127,0,1,48,38,201,79,1
102,12,1,18,33,144,80,1
105,0,0,7,7,114,36,1
108,4,1,40,24,180,91,1
131,7,0,26,46,233,89,1
142,4,3,25,63,205,87,1
96,2,0,53,22,187,76,1
136,0,1,30,59,137,77,1
95,8,0,18,31,108,61,1
166,24,1,37,43,210,90,1
82,13,0,22,32,137,84,1
93,5,1,44,32,186,84,1
77,0,0,19,25,138,73,1
119,10,4,22,46,152,90,1
75,0,0,17,37,105,58,1
97,1,0,27,27,166,78,1
93,0,0,12,24,143,75,1
101,1,1,22,26,196,79,1
97,2,1,30,20,143,76,1
132,5,6,23,27,200,86,1
41,5,2,11,29,76,71,1
105,4,0,43,19,144,101,1
116,1,0,31,28,162,81,1
64,2,0,32,47,109,69,1
83,1,1,20,24,120,78,1
152,15,5,20,29,171,89,1
134,1,2,34,49,201,86,1
88,1,1,30,22,159,65,1
102,0,2,35,26,138,80,1
131,2,2,38,37,165,86,1
121,3,1,31,26,137,86,1
111,24,5,31,38,175,92,1
144,3,8,44,49,196,91,1
91,1,3,26,23,100,81,1
99,5,3,26,43,154,87,1
140,4,5,64,27,188,85,1
99,0,0,24,41,131,74,1
74,12,3,23,24,134,89,1
82,1,1,21,26,139,76,1
112,0,0,40,43,167,76,1
114,1,1,45,28,159,77,1
104,3,0,39,23,208,88,1
85,6,2,24,30,103,77,1
82,2,0,18,38,143,81,0
75,1,1,19,40,147,73,0
89,1,0,52,35,120,66,0
48,0,0,23,20,147,73,0
111,4,10,34,21,146,82,0
113,1,0,35,55,202,80,0
112,4,1,41,51,201,88,0
70,6,3,20,58,122,85,0
72,1,1,23,38,170,82,0
68,5,4,38,38,213,84,0
97,3,8,23,47,128,80,0
77,0,5,19,45,184,78,0
76,8,5,17,45,157,81,0
85,0,0,26,40,270,66,0
105,2,11,32,31,178,96,0
52,4,2,14,36,91,67,0
72,4,2,17,25,135,73,0
78,43,12,28,32,108,85,0
75,2,1,29,28,125,83,0
111,5,8,28,41,161,86,0
97,7,1,40,44,167,86,0
114,4,2,31,31,195,89,0
89,6,13,20,36,119,84,0
121,7,19,25,35,163,88,0
113,11,8,32,32,154,87,0
94,13,7,34,51,167,91,0
53,0,1,42,26,105,55,0
83,0,7,17,16,134,69,0
118,2,1,33,33,196,83,0
118,4,11,31,27,167,89,0
114,6,8,32,39,161,93,0
104,10,1,24,26,182,80,0
83,5,5,28,42,109,83,0
149,0,10,39,49,223,93,0
84,2,1,29,30,140,79,0
112,8,29,14,82,242,72,0
77,0,0,11,45,266,64,0
73,1,2,20,22,110,74,0
82,4,3,18,23,118,66,0
155,10,5,65,34,232,96,0
56,0,0,27,35,187,68,0
79,4,1,10,51,251,73,0
70,9,12,13,47,101,73,0
124,7,2,36,53,222,89,0
105,2,0,24,52,171,92,0
85,0,0,18,56,277,65,0
75,6,8,19,41,106,75,0
60,1,0,17,35,89,65,0
138,2,2,27,37,167,83,0
86,0,0,24,40,267,65,0
151,7,5,39,66,223,97,0
117,1,3,39,53,176,87,0
92,3,3,29,34,170,84,0
64,6,1,22,27,102,76,0
114,0,0,24,46,170,72,0
104,1,4,26,44,160,77,0
93,4,17,50,50,183,95,0
132,5,1,34,31,185,86,0
88,11,1,25,33,121,88,0
92,1,0,60,31,188,75,0
74,10,0,28,33,84,72,0
111,0,0,30,39,159,85,0
79,1,1,19,23,112,74,0
80,1,4,22,34,150,77,0
125,13,7,33,54,174,90,0
131,4,2,27,41,149,82,0
94,7,3,31,33,131,82,0
104,11,3,20,29,158,87,0
86,0,0,16,51,287,63,0
81,2,6,14,33,147,78,0
93,1,8,20,62,149,83,0
109,1,6,32,73,192,85,0
99,8,2,38,37,119,85,0
36,0,0,30,21,83,45,0
135,6,8,33,57,169,89,0
120,6,7,15,50,177,87,0
124,23,7,33,37,180,95,0
71,0,0,8,56,86,51,0
86,5,1,30,41,239,94,0
95,0,3,30,34,180,86,0
63,6,4,12,40,82,73,0
80,0,9,28,27,121,81,0
156,23,20,30,37,174,93,0
67,1,0,11,46,229,64,0
116,9,7,30,46,166,90,0
91,2,5,16,37,141,73,0
61,1,0,8,43,218,61,0
78,4,18,30,46,153,88,0
104,1,2,22,22,165,77,0
101,12,5,19,26,110,85,0
90,5,8,21,40,179,81,0
110,6,8,39,38,167,89,0
110,3,2,17,29,140,76,0
120,0,3,21,45,222,87,0
57,3,0,18,45,123,78,0
103,5,3,22,38,127,81,0
41,3,11,42,42,97,83,0
70,0,2,21,29,140,78,0
97,0,3,27,55,199,81,0
136,9,7,31,38,167,89,0
84,7,2,31,37,123,79,0
109,12,9,15,59,156,94,0
89,1,6,27,42,107,73,0
86,3,0,34,41,185,84,0
132,6,4,40,27,171,95,0
92,16,6,41,45,137,86,0
119,1,0,37,31,199,72,0
72,3,1,18,21,214,81,0
133,1,2,37,48,245,97,0
81,5,18,25,42,111,80,0
101,8,2,24,34,126,89,0
46,22,2,23,23,70,65,0
95,0,12,40,60,154,87,0
75,0,0,18,31,296,67,0
105,9,2,24,33,151,85,0
62,5,4,15,31,88,67,0
123,6,14,36,35,180,93,0
131,0,1,38,52,182,85,0
96,4,1,22,67,109,78,0
107,12,8,36,40,114,83,0
120,0,0,77,16,180,65,0
109,3,2,27,29,146,79,0
70,7,1,28,26,126,79,0
60,1,2,20,17,278,71,0
86,5,1,48,42,199,88,0
135,3,1,22,44,179,82,0
41,0,0,18,34,204,62,0
81,3,1,22,45,105,76,0
89,0,2,27,40,158,84,0
88,9,0,30,27,163,78,0
2,0,0,5,42,31,18,0
98,16,13,51,46,178,94,0
87,7,9,30,36,118,83,0
93,7,9,26,41,141,80,0
144,3,1,31,46,184,86,0
115,0,4,27,21,155,83,0
100,4,11,23,39,127,82,0
62,0,0,13,54,270,63,0
79,1,1,25,41,214,80,0
95,5,4,32,51,169,93,0
84,9,4,23,35,110,80,0
75,0,3,14,35,266,69,0
70,5,2,20,32,107,69,0
60,9,0,7,15,105,70,0
133,13,3,20,39,195,90,0
119,0,1,32,41,196,88,0
129,3,0,24,24,191,72,0
84,1,8,25,42,142,81,0
99,9,2,47,32,146,85,0
110,3,7,27,46,145,81,0
95,0,1,22,33,206,75,0
107,1,0,38,52,140,75,0
103,2,1,30,48,159,87,0
88,1,0,24,37,162,76,0
69,0,2,4,36,106,76,0
59,3,5,17,41,108,74,0
92,3,1,35,26,160,83,0
76,0,0,17,37,265,63,0
128,2,2,44,31,162,92,0
120,3,2,31,34,158,99,0
71,11,5,18,59,136,81,0
84,0,1,23,42,137,76,0
92,13,10,20,57,144,91,0
122,6,5,54,46,216,99,0
113,6,3,25,34,143,83,0
87,0,0,7,43,231,70,0
62,0,0,74,23,194,57,0
71,5,3,17,17,118,78,0
49,0,3,14,22,176,64,0
34,0,0,17,17,192,45,0
80,11,1,21,28,152,77,0
57,4,2,9,17,98,55,0
95,10,2,40,38,160,78,0
58,0,1,23,22,93,57,0
67,0,1,10,35,173,64,0
105,6,6,33,49,160,93,0
55,0,1,46,29,130,52,0
86,1,1,21,46,181,86,0
73,0,1,24,95,147,64,0
81,23,14,18,18,106,90,0
82,8,2,31,37,135,86,0
90,2,1,23,23,110,82,0
132,2,2,29,36,166,90,0
105,1,4,70,67,235,80,0
71,5,5,26,27,161,87,0
89,4,4,21,28,115,84,0
154,2,3,40,48,181,85,0
74,1,1,13,25,181,75,0
133,3,2,19,48,196,81,0
46,2,3,16,34,89,72,0
115,8,5,43,56,166,87,0
84,2,3,24,42,187,76,0
105,7,4,22,41,102,82,0
95,2,1,26,40,140,82,0
56,1,0,12,45,110,65,0
81,5,3,34,42,165,85,0
140,1,6,32,58,197,92,0
73,1,14,11,36,97,72,0
137,7,10,24,43,237,91,0
77,7,5,30,37,111,85,0
114,5,2,45,36,175,85,0
66,5,3,45,17,93,74,0
94,2,5,28,51,133,82,0
102,0,1,23,31,151,79,0
80,4,2,10,32,110,80,0
101,9,4,33,43,152,85,0
98,6,3,27,33,128,87,0
96,3,1,23,30,139,78,0
77,0,2,16,26,212,71,0
111,5,1,44,35,160,85,0
107,9,4,31,37,181,88,0
67,5,0,15,26,101,72,0
108,3,10,26,32,116,85,0
117,6,1,40,39,170,82,0
90,6,7,23,53,194,89,0
129,9,2,26,42,163,85,0
67,4,3,9,25,108,78,0
43,0,0,6,23,91,53,0
75,0,0,19,29,278,70,0
117,13,3,32,39,217,91,0
97,0,3,38,32,145,81,0
94,0,0,28,21,128,81,0
120,3,0,20,18,155,77,0
32,5,0,22,21,89,59,0
122,3,2,39,46,162,86,0
109,1,4,24,39,203,86,0
85,6,8,36,33,119,82,0
71,1,0,18,33,174,85,0
100,3,8,23,59,159,84,0
110,1,2,32,36,141,69,0
85,4,7,21,34,135,77,0
68,2,2,21,40,91,70,0
93,4,11,12,44,112,82,0
104,0,0,35,31,176,84,0
68,4,5,16,32,96,80,0
86,3,0,32,41,118,80,0
84,4,9,29,32,110,73,0
109,5,9,34,43,166,86,0
110,1,1,16,47,128,72,0
60,4,13,14,31,130,69,0
142,2,4,14,56,196,85,0
28,2,0,19,35,70,45,0
51,1,0,24,29,117,80,0
102,1,4,23,62,156,89,0
99,7,6,23,37,180,86,0
88,8,6,13,49,136,84,0
110,11,1,31,30,155,86,0
120,7,2,40,47,184,89,0
87,3,3,24,45,165,93,0
127,11,5,28,41,174,85,0
85,7,8,14,36,190,92,0
66,0,0,16,14,239,58,0
141,0,7,54,52,215,94,0
86,2,1,14,37,242,67,0
121,2,4,34,26,158,82,0
95,1,0,17,25,170,71,0
115,6,1,22,34,142,76,0
142,2,1,63,37,198,98,0
55,5,1,9,41,125,81,0
97,5,1,25,21,132,79,0
126,5,2,57,49,189,95,0
132,7,6,27,48,189,95,0
83,13,2,17,54,232,88,0
76,7,9,36,37,125,85,0
67,0,2,38,30,156,74,0
138,12,4,41,49,230,95,0
93,5,1,19,41,136,86,0
104,10,4,38,32,133,85,0
99,4,3,46,43,172,83,0
134,4,4,37,47,205,94,0
44,9,1,25,36,119,75,0
103,3,2,14,32,139,75,0
84,7,3,26,28,165,80,0
89,4,2,39,55,188,93,0
71,5,1,15,34,116,78,0
139,5,6,30,61,199,90,0
76,4,2,12,24,214,69,0
55,2,1,19,39,126,85,0
121,1,0,49,48,129,78,0
75,0,6,24,41,136,73,0
112,12,6,23,35,139,79,0
85,6,6,28,31,168,84,0
83,2,4,11,16,99,63,0
66,0,0,26,22,126,56,0
110,3,6,37,31,220,92,0
77,6,13,16,32,115,71,0
77,1,2,24,56,187,85,0
88,2,10,11,38,142,85,0
93,2,8,18,30,131,82,0
120,15,23,22,52,160,95,0
131,11,0,33,41,134,81,0
154,15,12,49,59,204,94,0
76,1,2,23,33,107,74,0
68,0,1,17,18,117,70,0
56,2,1,19,42,105,75,0
108,0,1,50,47,163,80,0
106,4,7,16,44,159,84,0
113,5,2,29,32,141,87,0
67,0,6,34,61,143,70,0
149,5,7,33,54,228,96,0
116,9,0,34,31,141,90,1
66,7,1,26,18,87,65,1
93,1,1,30,34,127,83,1
166,9,2,37,39,203,89,1
94,35,0,18,27,119,79,1
99,8,5,23,14,151,87,1
87,2,0,29,24,138,77,1
78,3,0,27,33,134,78,1
82,4,2,23,33,134,71,1
123,20,5,42,39,180,88,1
77,7,0,23,39,220,88,1
91,2,0,28,34,145,76,1
78,0,0,26,31,137,64,1
153,30,0,38,56,237,91,1
90,4,1,34,31,142,90,1
118,19,5,26,39,157,90,1
96,10,3,37,37,244,85,1
115,28,53,24,72,172,88,1
129,6,0,33,32,219,77,1
131,31,0,21,25,171,84,1
139,4,10,29,49,167,86,1
81,3,1,10,38,96,72,1
164,21,3,34,46,198,94,1
129,15,20,34,48,205,95,1
75,11,2,15,26,125,85,1
114,21,3,31,53,142,96,1
81,0,1,24,36,145,84,1
83,0,1,24,36,145,84,1
106,2,2,25,42,176,76,1
35,8,0,12,8,124,51,1
32,0,0,17,22,65,35,1
113,13,1,29,53,192,87,1
83,1,0,31,32,166,81,1
118,2,2,42,26,181,96,1
176,5,0,34,57,240,89,1
95,8,1,13,19,113,77,1
112,14,2,25,29,170,94,1
131,0,3,44,48,177,84,1
72,1,1,11,16,107,64,1
109,9,1,28,22,143,86,1
87,0,4,22,35,230,75,1
90,12,10,25,28,155,82,1
110,6,4,27,32,155,88,1
103,5,0,20,22,124,87,1
101,2,1,18,31,180,79,1
88,3,0,19,34,176,80,1
148,14,0,36,49,211,91,1
73,0,0,45,31,212,74,1
116,6,11,26,45,225,85,1
163,14,4,32,58,244,97,1
104,2,0,29,29,131,73,1
118,1,0,47,50,216,84,1
150,12,10,41,50,206,93,1
111,15,0,20,28,163,87,1
163,0,2,44,33,261,98,1
126,17,0,35,39,162,89,1
79,8,0,19,21,128,74,1
128,12,5,39,50,168,96,1
124,15,0,27,40,196,89,1
102,6,0,29,40,175,83,1
118,4,8,46,42,169,85,1
125,8,6,34,21,161,88,1
99,5,0,24,37,166,82,1
126,13,0,23,36,196,90,1
94,6,0,23,36,138,77,1
113,1,0,51,45,174,87,1
120,5,1,37,22,144,81,1
126,4,4,36,43,181,92,1
132,13,0,24,42,197,88,1
65,0,0,36,14,128,47,1
106,23,0,15,53,147,87,1
160,8,2,34,28,205,97,1
79,1,7,33,37,157,90,1
67,3,4,12,41,119,76,1
72,1,0,65,23,165,78,1
62,0,0,46,20,166,57,1
123,7,1,41,45,203,96,1
132,8,6,30,35,215,89,1
106,0,0,43,30,190,81,1
78,3,4,40,25,183,69,1
40,0,0,12,10,48,60,1
68,10,9,17,29,149,90,1
109,16,13,26,37,117,87,1
141,5,1,32,40,195,88,1
122,1,2,19,43,190,86,1
127,9,2,29,38,183,91,1
107,20,7,26,33,154,73,1
74,1,0,16,25,187,69,1
156,16,1,44,32,215,91,1
125,12,2,33,37,158,88,1
140,16,2,26,42,194,87,1
164,6,0,3,34,184,74,1
93,2,3,36,56,202,97,1
126,0,1,42,37,202,78,1
139,8,3,59,31,201,92,1
104,22,0,22,36,167,78,1
72,3,0,38,33,158,63,1
133,1,1,47,29,156,81,1
148,18,1,38,31,208,94,1
129,0,0,30,34,196,87,1
105,20,4,25,37,155,93,1
120,12,0,28,23,144,84,1
72,15,5,20,34,91,80,1
73,1,0,42,38,185,78,1
94,11,1,20,36,131,86,1
118,2,0,21,31,194,78,1
150,3,0,20,71,180,80,1
91,7,0,16,24,134,82,1
64,10,1,26,22,144,78,1
78,1,1,23,58,101,73,1
88,12,0,26,38,291,89,1
83,1,0,27,25,211,79,1
77,1,0,27,26,153,75,1
58,1,0,106,12,136,44,1
109,3,4,29,30,168,85,1
156,4,0,73,37,193,90,1
65,1,2,11,27,140,60,1
117,0,0,26,40,139,78,1
43,3,0,13,14,109,56,1
119,3,6,42,48,186,82,1
94,5,0,33,35,149,77,1
89,2,2,20,36,134,84,1
103,2,0,46,23,148,79,1
114,5,9,27,24,221,89,1
97,7,1,14,28,146,76,1
112,8,3,24,45,217,87,1
128,9,0,29,47,143,83,1
109,1,1,18,31,151,89,1
65,3,1,27,20,95,71,1
116,20,0,26,24,134,88,1
135,10,1,30,40,171,88,1
71,1,0,43,30,124,77,1
98,3,2,39,31,207,76,1
109,0,1,30,53,164,79,1
95,18,6,26,36,129,83,1
80,16,1,24,21,139,80,1
102,6,0,27,39,169,68,1
105,3,0,37,49,217,85,1
169,6,4,49,44,216,91,1
86,9,1,21,39,140,89,1
148,0,1,115,125,135,53,1
98,28,3,31,36,149,87,1
91,10,3,20,31,141,92,1
125,9,4,29,31,147,82,1
113,12,3,27,44,168,81,1
135,4,0,24,26,263,84,1
86,2,1,11,23,104,68,1
125,26,4,17,36,213,87,1
80,7,2,29,15,128,74,1
105,5,11,22,53,178,88,1
108,0,6,30,29,141,84,1
147,8,1,29,37,185,94,1
130,16,0,39,34,158,89,1
111,0,2,21,25,246,69,1
35,1,0,2,10,44,27,1
92,3,2,16,44,124,80,1
128,35,1,24,48,178,91,1
134,1,1,41,44,217,89,1
61,5,6,35,41,137,79,1
156,0,1,25,49,280,78,1
94,3,0,15,32,129,75,1
117,7,0,32,32,176,82,1
123,3,6,19,31,123,94,1
119,30,0,42,35,182,85,1
74,5,0,26,27,96,68,1
103,14,0,31,36,153,84,1
113,19,4,21,42,168,98,1
101,0,0,34,27,154,81,1
133,6,0,32,31,175,92,1
112,0,0,44,21,181,42,1
127,4,1,18,37,147,79,1
127,5,0,43,28,229,92,1
202,2,10,42,58,235,93,1
131,18,0,40,43,167,96,1
125,4,8,52,54,171,89,1
113,12,3,20,18,158,88,1
48,1,0,22,30,66,59,1
106,0,1,15,41,207,77,1
100,2,1,35,20,149,75,1
98,3,3,12,23,150,74,1
44,0,0,50,50,195,53,1
94,6,1,18,37,202,91,1
101,6,5,24,46,137,85,1
114,6,2,28,14,147,91,1
105,5,2,41,44,163,82,1
80,3,3,25,45,105,77,1
100,13,9,24,21,141,83,1
66,1,2,27,18,126,66,1
140,5,0,38,41,176,86,1
113,17,0,39,37,148,86,1
104,1,2,36,35,184,88,1
151,18,0,29,53,188,89,1
94,0,0,13,37,154,49,1
48,0,3,35,51,207,66,1
65,18,17,24,28,81,72,1
105,0,1,27,28,132,70,1
113,2,1,40,31,161,79,1
96,0,4,22,48,165,83,1
133,6,3,29,43,152,89,1
92,19,1,24,38,126,89,1
108,1,2,10,31,148,75,1
102,13,2,20,33,108,83,1
114,5,0,13,39,163,77,1
130,4,1,21,67,158,86,1
142,0,0,32,52,190,86,1
118,4,11,24,68,154,81,1
88,2,5,21,45,152,82,1
107,8,4,18,48,137,91,1
106,6,5,24,46,128,80,1
163,4,0,46,29,183,96,1
70,2,2,17,19,129,69,1
113,3,1,13,37,125,79,1
119,7,1,37,36,215,86,1
127,3,2,22,25,190,80,1
122,3,1,34,31,183,86,1
56,5,2,23,21,87,62,1
165,21,1,33,49,180,95,1
107,6,7,34,43,170,83,1
105,0,0,23,35,197,68,1
79,4,0,14,24,122,72,1
106,23,0,26,31,168,82,1
144,1,1,105,86,137,41,1
138,12,0,29,34,179,93,1
108,17,10,24,58,146,91,1
162,8,2,42,48,173,95,1
108,9,0,19,20,170,83,1
124,0,0,49,22,228,84,1
121,7,0,28,27,151,90,1
182,15,0,59,47,232,101,1
82,10,1,17,23,111,70,1
79,1,0,23,22,177,50,1
88,7,4,32,21,123,86,1
106,3,0,27,32,185,79,1
159,3,1,38,34,206,92,1
85,7,0,29,27,118,78,1
120,25,3,27,46,188,90,1
102,14,18,44,34,178,85,1
110,9,3,42,33,153,89,1
95,16,1,14,32,115,70,1
34,0,0,65,28,126,56,1
92,9,0,21,38,129,77,1
140,9,1,52,39,202,90,1
124,12,4,31,35,173,90,1
74,0,0,19,31,134,61,1
104,15,2,12,25,110,85,1
125,3,2,31,20,257,88,1
93,0,0,26,16,195,46,1
88,3,1,14,41,190,80,1
80,1,0,39,29,148,78,1
82,0,0,14,42,268,71,1
81,11,3,18,44,124,74,1
90,13,1,12,38,182,89,1
109,8,2,23,34,134,84,1
100,13,8,35,52,140,86,1
148,2,5,45,60,231,93,1
120,2,0,39,33,166,77,1
74,0,2,15,24,149,72,1
173,3,4,38,35,211,94,1
147,2,1,24,33,229,93,1
92,7,0,23,23,128,69,1
143,0,0,103,105,133,53,1
84,4,5,29,49,154,84,1
110,2,0,13,38,154,79,1
98,23,5,30,27,141,81,1
122,11,3,30,22,178,88,1
93,11,1,19,45,164,89,1
117,2,0,25,42,182,82,1
141,8,7,38,41,197,87,1
85,21,2,15,32,102,72,1
116,1,0,49,27,194,88,1
103,4,4,17,24,142,80,1
147,4,2,39,35,248,81,1
73,0,1,31,46,93,73,1
96,1,3,31,27,251,55,1
103,20,0,33,31,155,89,1
119,20,1,30,37,177,86,1
100,8,4,30,27,205,89,1
129,46,22,45,40,190,85,1
86,12,0,12,38,124,82,1
104,0,0,34,39,178,69,1
101,8,3,22,32,133,78,1
134,15,4,42,27,204,87,1
131,5,0,10,31,182,83,1
121,5,8,56,58,183,84,1
69,0,2,9,85,131,32,1
88,13,7,34,24,111,80,1
68,1,1,18,31,125,74,1
150,23,6,36,47,180,88,1
116,8,0,18,42,177,92,1
101,17,3,15,39,128,87,1
152,15,4,36,65,208,92,1
129,2,2,29,52,170,95,1
124,0,0,43,25,166,86,1
145,10,0,25,47,190,89,1
111,11,1,36,28,149,86,1
92,2,0,25,33,155,78,1
136,5,2,37,28,210,93,1
120,10,0,33,26,139,86,1
116,1,8,21,41,231,85,1
136,2,0,40,38,191,83,1
74,2,2,17,25,135,74,0
80,3,1,17,43,115,77,0
69,2,1,22,36,94,75,0
96,0,0,21,54,171,90,0
120,11,5,19,56,185,90,0
89,0,3,13,29,98,75,0
97,20,18,27,46,172,89,0
112,8,4,57,42,163,90,0
108,14,3,33,39,200,93,0
21,0,0,18,15,50,26,0
38,1,1,6,14,39,38,0
107,2,5,32,54,171,85,0
112,2,1,39,49,226,88,0
83,0,0,17,51,280,64,0
162,0,0,102,111,364,36,0
50,0,3,2,21,132,31,0
87,16,5,15,30,109,88,0
103,1,5,42,33,145,80,0
76,0,3,26,40,117,68,0
91,1,2,41,55,137,87,0
33,2,7,13,25,106,63,0
81,13,4,14,25,114,77,0
95,6,1,19,41,159,86,0
159,10,1,27,41,189,87,0
99,1,3,32,57,119,75,0
73,0,1,20,37,150,74,0
78,0,2,13,60,94,56,0
121,17,3,51,58,236,95,0
112,8,5,30,55,202,88,0
104,3,0,35,69,209,81,0
46,1,3,10,39,216,55,0
98,2,6,37,62,163,90,0
107,4,5,24,36,151,80,0
110,0,0,21,50,163,85,0
60,8,1,15,35,90,76,0
96,3,2,37,31,143,82,0
60,4,0,7,28,138,67,0
50,1,0,36,35,153,66,0
120,6,7,30,35,147,87,0
60,0,0,17,36,47,42,0
102,1,3,29,29,196,90,0
66,3,0,35,44,95,59,0
93,1,1,44,35,147,80,0
64,4,0,6,33,127,70,0
63,7,3,21,23,76,69,0
107,1,0,8,32,188,58,0
119,4,4,25,53,160,86,0
75,11,2,22,49,158,83,0
56,0,0,20,20,129,53,0
106,5,9,18,41,141,83,0
29,0,1,9,26,42,51,0
99,4,2,30,41,149,91,0
114,0,5,40,52,176,92,0
64,1,1,21,33,98,70,0
110,3,3,32,45,178,86,0
14,0,0,5,7,59,28,0
53,3,0,32,43,117,79,0
100,0,0,0,0,300,5,0
99,9,1,17,50,111,76,0
102,20,5,31,32,131,88,0
117,0,0,28,59,179,81,0
100,3,0,38,33,132,81,0
76,1,4,15,37,92,72,0
53,2,2,16,30,124,61,0
118,2,0,28,32,181,80,0
139,0,2,49,34,224,83,0
89,0,2,17,39,233,75,0
72,3,7,19,32,86,81,0
86,4,5,17,33,141,80,0
101,1,0,19,27,154,81,0
105,1,2,36,55,196,85,0
63,0,0,17,20,126,70,0
64,3,0,10,42,98,72,0
113,5,2,26,46,173,87,0
65,4,0,13,29,113,79,0
116,7,3,28,49,176,89,0
134,2,13,38,71,218,94,0
91,4,5,16,53,165,86,0
83,2,7,32,31,139,85,0
144,2,2,39,38,227,97,0
85,2,7,27,49,125,79,0
95,6,2,36,41,137,94,0
81,0,0,22,38,138,71,0
95,0,0,0,0,104,12,0
71,16,16,24,22,104,84,0
109,1,2,43,47,212,89,0
117,2,13,33,32,164,89,0
102,13,19,20,34,139,96,0
125,14,3,37,62,239,95,0
35,0,3,22,21,47,69,0
128,22,4,41,51,222,88,0
91,1,0,39,28,201,76,0
105,5,3,29,39,180,83,0
130,37,160,25,110,289,92,0
90,13,4,24,51,280,83,0
74,9,12,14,52,102,82,0
59,0,6,16,26,99,76,0
50,6,2,24,36,114,79,0
78,1,1,7,20,135,41,0
86,3,0,16,53,251,64,0
54,0,8,10,57,93,82,0
58,3,4,18,45,102,77,0
53,2,1,13,26,78,67,0
134,1,0,54,33,195,91,0
87,0,0,22,54,131,68,0
53,4,4,30,47,100,74,0
61,0,0,55,38,120,61,0
121,5,1,37,42,218,84,0
61,2,6,14,46,94,69,0
94,3,4,32,34,126,83,0
97,1,2,33,47,157,84,0
95,6,7,25,44,140,88,0
102,4,5,14,29,123,78,0
100,0,2,19,41,130,76,0
120,5,3,24,29,168,90,0
73,13,0,19,30,155,83,0
121,0,0,27,52,159,77,0
110,1,3,63,30,178,74,0
102,22,2,44,54,196,96,0
117,6,2,24,37,180,85,0
120,6,1,54,31,145,85,1
142,1,0,26,49,250,89,1
164,7,1,51,33,173,90,1
164,4,0,24,44,206,89,1
117,14,31,33,30,153,87,1
116,1,0,36,34,155,82,1
99,16,2,19,39,136,82,1
47,0,0,40,26,223,42,1
85,5,9,28,29,107,79,1
182,12,1,39,43,256,98,1
82,0,3,25,21,314,63,1
126,1,2,26,47,160,95,1
180,12,5,29,83,205,88,1
96,0,0,36,33,150,78,1
152,1,6,26,29,268,86,1
111,1,2,35,29,149,93,1
102,0,1,20,16,174,67,1
192,19,2,30,49,272,94,1
84,4,0,25,30,101,73,1
96,7,12,18,38,175,88,1
75,0,0,37,27,132,64,1
121,8,8,30,32,244,92,1
80,0,0,87,47,166,70,1
95,25,5,25,34,126,82,1
39,3,0,13,33,209,48,1
79,15,5,14,20,113,85,1
86,0,0,30,22,143,69,1
127,11,9,40,38,213,94,1
150,17,0,41,73,194,84,1
127,15,4,25,45,195,91,1
116,2,0,36,32,196,86,1
91,4,3,12,36,110,79,1
153,1,0,44,51,220,90,1
75,9,12,25,26,113,77,1
138,9,6,47,28,189,87,1
69,15,0,17,19,72,68,1
108,6,11,29,40,120,85,1
67,9,2,15,25,101,80,1
75,0,0,61,63,192,71,1
96,8,4,25,36,136,84,1
76,4,0,16,26,87,72,1
160,2,0,49,51,206,88,1
125,7,0,10,18,171,73,1
99,4,0,13,27,257,67,1
58,7,0,20,16,89,77,1
141,2,2,51,44,198,96,1
101,6,4,25,71,194,90,1
104,1,0,30,37,165,65,1
104,1,2,13,34,151,82,1
77,0,3,10,53,170,79,1
102,5,2,26,29,124,84,1
85,2,0,27,35,145,77,1
103,6,3,20,14,192,85,1
92,2,1,34,38,198,80,1
121,51,0,36,41,214,91,1
115,3,0,45,33,171,78,1
116,16,1,29,40,186,80,1
141,6,4,31,30,160,90,1
155,1,0,36,55,230,82,1
154,7,2,35,36,217,85,1
95,1,1,31,30,128,79,1
86,9,5,46,52,150,89,1
81,5,1,29,30,98,76,1
69,3,0,38,29,132,80,1
107,8,2,27,39,140,89,1
102,10,4,24,44,179,83,1
119,8,0,25,34,165,90,1
106,13,0,23,33,171,85,1
65,4,1,19,29,114,70,1
110,11,4,35,37,155,84,1
110,8,13,39,25,120,88,1
88,12,11,11,56,177,90,1
123,21,1,33,38,192,88,1
142,0,3,43,59,192,74,1
74,3,1,29,39,131,75,1
111,2,4,19,39,148,66,1
127,4,3,27,37,247,90,1
57,1,0,15,15,67,69,1
80,17,3,22,22,103,86,1
149,2,9,33,72,229,93,1
123,11,0,21,37,210,84,1
120,1,1,27,29,140,85,1
125,8,0,35,53,152,82,1
166,9,4,56,38,229,105,1
1,0,0,56,0,258,10,1
67,0,1,18,31,210,66,1
119,12,1,28,25,179,88,1
143,1,1,57,24,217,80,1
52,0,0,43,25,219,60,1
82,0,0,9,13,183,68,1
119,48,0,35,50,194,90,1
93,0,3,29,28,113,84,1
97,5,0,38,27,222,83,1
101,1,0,8,20,128,64,1
26,0,0,0,0,300,11,1
154,6,6,35,36,252,90,1
85,13,0,18,38,117,85,1
28,4,11,9,35,244,61,1
115,4,8,27,38,154,91,1
70,2,5,28,32,106,72,1
124,0,0,30,22,191,84,1
141,1,0,20,57,219,91,1
72,0,0,24,40,188,66,1
143,4,3,21,41,213,94,1
68,2,1,11,21,120,79,1
128,12,13,41,37,172,93,1
152,5,3,53,37,234,96,1
124,2,1,49,42,189,92,1
15,1,0,11,29,116,47,1
129,3,5,45,56,229,96,1
104,1,0,55,28,198,84,1
110,3,2,58,41,148,82,1
68,9,8,41,24,143,87,1
96,0,0,24,18,167,77,1
101,18,8,27,35,169,88,1
73,8,7,22,21,111,75,1
152,3,2,33,51,152,85,1
106,12,4,19,32,160,84,1
72,3,1,14,27,138,74,1
110,3,0,29,29,140,85,1
104,7,1,23,24,187,86,0
66,2,1,23,38,110,77,0
94,1,1,20,32,147,86,0
84,1,0,32,34,143,84,0
70,0,0,26,26,144,72,0
73,0,0,16,31,272,62,0
101,2,2,20,28,133,66,0
55,2,8,16,25,82,81,0
144,0,2,34,45,238,93,0
133,1,1,22,22,183,75,0
86,5,6,19,61,157,85,0
122,3,0,31,32,166,83,0
82,0,3,13,54,136,75,0
106,0,4,32,38,147,82,0
80,3,2,21,32,161,80,0
163,7,9,25,58,185,100,0
76,2,3,21,45,159,79,0
115,4,2,21,40,212,86,0
101,4,5,29,40,133,72,0
72,2,1,7,32,110,68,0
121,5,10,51,48,199,101,0
100,0,0,11,59,75,69,0
106,11,1,45,24,175,87,0
87,0,6,14,38,114,72,0
51,1,3,10,41,63,66,0
136,2,1,29,52,175,85,0
65,0,0,12,18,119,75,0
135,0,2,48,36,205,92,0
107,0,0,21,56,208,82,0
68,2,1,31,23,158,76,0
58,3,2,13,33,73,67,0
46,0,0,58,29,159,61,0
102,0,1,58,37,214,92,0
150,11,3,43,48,215,94,0
121,2,3,40,44,220,90,0
166,7,3,35,44,225,95,0
109,1,13,32,38,142,88,0
67,0,6,10,38,79,60,0
63,3,3,17,39,122,76,0
122,13,0,22,32,164,83,0
108,0,11,25,57,147,78,0
110,1,0,16,57,129,82,0
71,0,7,19,31,163,84,0
87,0,4,21,29,156,75,0
44,14,1,21,49,110,79,0
118,4,3,43,32,135,83,0
87,0,0,16,58,285,61,0
98,0,4,23,34,156,75,0
119,2,3,45,59,192,91,0
56,9,0,17,22,127,58,0
108,1,1,21,34,203,74,0
55,0,1,23,54,81,62,0
79,1,5,16,27,110,76,0
75,2,0,21,29,122,65,0
93,1,0,26,43,179,83,0
73,1,4,9,35,113,66,0
174,9,1,41,46,209,93,0
124,2,0,26,51,191,83,0
57,4,1,8,22,92,68,0
83,0,0,8,30,290,65,0
108,2,1,32,43,104,78,0
61,0,7,16,34,68,65,0
59,0,1,14,25,104,70,0
101,1,0,42,38,123,74,0
80,1,8,20,44,184,77,0
47,4,6,9,45,76,67,0
132,1,3,26,50,173,80,0
68,4,3,16,35,77,72,0
76,3,11,20,36,126,76,0
96,6,3,22,37,167,94,0
66,0,4,13,41,161,72,0
64,0,2,29,31,166,79,0
101,3,5,27,47,89,76,0
101,3,1,37,28,157,81,0
91,2,0,34,24,149,80,0
117,4,5,28,61,187,86,0
66,1,0,14,30,118,72,0
102,3,4,30,39,184,84,0
41,1,1,39,36,91,47,0
69,7,9,21,24,95,73,0
113,0,0,26,37,171,72,0
162,0,0,34,52,214,79,0
127,3,7,14,30,165,85,0
73,2,0,10,22,119,80,0
85,0,0,13,38,264,57,0
74,0,2,20,37,159,73,0
119,10,10,34,39,186,87,0
89,1,6,9,44,114,76,0
70,1,0,16,22,128,65,0
183,10,7,57,40,203,83,0
104,4,0,36,41,132,76,0
73,1,1,21,28,129,76,0
119,13,1,24,43,196,83,0
107,5,0,37,63,191,90,0
82,2,1,52,29,76,74,0
121,0,0,29,38,162,86,0
85,5,4,23,27,122,91,0
88,0,2,12,39,128,82,0
89,5,1,15,28,124,82,0
86,7,2,23,48,149,82,0
148,1,2,32,47,208,86,0
13,1,1,5,24,23,46,0
77,0,1,12,44,134,83,0
114,6,3,37,29,157,83,0
104,2,0,44,40,165,81,0
85,1,0,21,37,81,73,0
113,2,4,28,43,157,81,0
117,2,0,34,34,158,84,0
73,4,6,20,36,88,80,0
93,0,0,16,42,135,66,0
67,3,15,15,34,122,81,0
117,0,0,37,30,167,77,0
81,1,0,17,32,225,77,0
63,1,8,15,34,98,72,0
99,1,0,13,47,174,73,0
92,0,37,25,39,168,71,0
125,12,3,27,29,137,91,0
77,1,2,15,36,146,80,0
73,2,0,35,23,129,71,0
129,8,4,26,45,197,93,0
130,8,2,27,49,171,92,1
102,5,0,23,37,140,78,1
88,8,0,17,31,121,78,1
94,2,7,16,32,147,76,1
84,0,0,15,54,287,63,1
47,2,4,23,26,57,61,1
106,8,3,31,36,170,90,1
73,0,0,11,38,78,70,1
55,3,1,15,23,68,66,1
105,1,1,13,32,139,81,1
175,14,6,39,49,250,97,1
105,3,4,40,39,134,82,1
127,14,4,40,43,222,94,1
46,0,0,16,29,96,46,1
118,16,2,15,31,170,89,1
89,2,1,36,26,187,90,1
38,2,0,5,16,75,45,1
104,3,3,20,36,124,73,1
78,1,2,26,19,153,81,1
138,1,1,47,31,180,82,1
107,23,2,25,47,184,83,1
65,2,1,17,44,72,54,1
148,7,0,114,26,181,82,1
97,26,2,27,39,129,85,1
99,0,1,25,44,133,74,1
74,5,1,29,26,108,68,1
79,1,5,17,41,125,78,1
98,7,2,21,26,131,83,1
109,9,0,16,54,140,90,1
122,5,2,47,24,137,85,1
173,3,1,39,54,162,83,1
164,19,0,42,50,244,90,1
129,14,1,47,52,186,90,1
85,8,0,28,23,115,82,1
157,17,0,29,44,183,84,1
139,5,1,36,40,149,82,1
133,3,0,26,41,179,85,1
116,6,0,24,28,139,80,1
146,14,4,26,40,207,93,1
115,7,1,25,28,135,81,1
55,6,4,9,21,140,78,1
115,22,0,33,30,130,87,1
166,53,0,48,45,193,91,1
122,8,5,34,45,148,93,1
128,0,0,13,19,205,71,1
82,0,0,25,28,130,94,1
171,12,9,47,59,242,87,1
88,8,0,67,29,180,85,1
126,4,1,29,38,151,82,1
144,3,0,30,36,240,81,1
97,0,3,12,21,146,71,1
112,3,5,38,25,170,99,1
92,9,1,28,31,202,84,1
141,17,7,27,26,151,88,1
117,10,3,28,38,137,85,1
100,2,0,33,22,157,68,1
130,3,0,42,29,178,89,1
130,12,0,35,35,177,87,1
114,1,0,45,36,179,88,1
80,1,3,27,27,128,69,1
128,8,1,29,21,153,88,1
100,6,5,26,63,153,85,1
152,18,0,40,56,220,94,1
159,16,0,20,57,134,88,1
154,1,3,52,43,186,104,1
106,6,0,33,29,152,82,1
97,10,4,29,32,127,83,1
107,8,1,30,42,131,85,1
106,3,6,36,35,134,88,1
128,1,0,30,40,210,78,1
108,10,0,23,40,169,79,1
93,1,0,21,34,163,75,1
111,10,3,26,46,151,85,1
128,5,11,43,30,198,95,1
82,4,1,10,44,83,66,1
101,9,4,21,43,143,89,1
190,12,0,28,46,247,86,1
62,0,0,35,23,165,54,1
76,5,2,19,21,72,63,1
107,1,0,26,33,144,80,1
123,3,1,28,39,208,87,1
121,8,1,27,16,146,80,1
115,3,0,33,32,227,97,1
114,0,0,38,41,193,76,1
181,0,1,10,29,307,42,1
129,6,0,27,50,201,74,1
93,2,0,30,36,130,72,1
131,9,2,24,32,175,85,1
70,0,1,7,33,43,55,1
191,3,2,48,49,217,91,1
134,2,0,33,42,162,87,1
52,6,0,13,37,114,63,1
153,30,0,33,40,184,92,1
132,6,0,49,47,179,83,1
139,15,2,47,46,180,92,1
132,3,2,49,61,188,78,1
132,11,6,29,36,204,82,1
152,10,0,32,44,200,83,1
107,4,0,44,34,132,80,1
96,6,6,33,77,148,86,1
133,5,4,37,35,153,95,1
102,23,2,17,49,157,89,1
128,20,1,30,42,153,85,1
86,5,5,29,25,114,87,1
143,5,3,37,41,194,91,1
99,2,1,47,63,117,72,1
97,12,1,32,34,127,84,1
97,7,4,41,18,104,73,1
88,0,0,10,28,243,68,1
140,1,1,24,50,241,96,1
98,3,3,22,21,125,72,1
110,1,0,15,40,109,80,1
91,2,0,24,24,106,69,1
94,8,2,19,38,131,80,1
44,0,3,17,28,146,69,1
107,8,6,21,32,148,90,1
141,7,2,29,42,197,93,1
174,1,1,55,27,216,92,1
103,6,19,20,26,118,78,1
133,12,4,48,25,130,89,1
124,5,0,19,55,241,84,0
87,0,0,12,43,267,58,0
88,8,11,17,46,137,84,0
63,1,3,23,39,112,81,0
90,13,3,29,54,149,77,0
84,7,1,33,47,148,87,0
122,0,2,112,118,128,43,0
41,1,0,7,17,67,61,0
97,2,8,63,42,143,86,0
63,1,4,13,29,118,78,0
95,1,0,17,54,103,68,0
35,0,0,9,46,51,62,0
79,3,1,36,36,99,73,0
52,0,0,20,30,86,63,0
55,1,2,13,40,116,69,0
85,4,0,17,28,129,77,0
73,6,1,18,29,122,73,0
65,2,1,46,30,153,76,0
66,3,0,25,27,98,71,0
93,6,0,17,52,126,82,0
93,1,2,48,44,132,79,0
92,5,7,36,41,123,85,0
75,1,1,10,34,127,77,0
112,0,2,24,35,148,87,0
121,2,1,26,37,209,86,0
76,0,0,18,30,124,80,0
109,9,0,29,36,145,89,0
125,1,2,29,45,182,89,0
76,0,1,32,42,168,72,0
85,1,1,39,26,179,81,0
72,1,2,18,27,125,79,0
58,1,2,10,35,201,70,0
120,4,1,24,37,150,78,0
115,3,1,31,33,194,87,0
75,1,4,29,41,139,82,0
39,1,2,4,56,45,43,0
98,10,2,31,37,162,100,0
80,1,3,15,38,126,69,0
113,4,1,22,34,175,86,0
65,7,6,13,25,152,78,0
128,13,3,28,34,173,87,0
110,0,9,26,86,203,90,0
74,0,0,20,30,296,68,0
91,4,0,27,40,158,85,0
77,4,2,19,39,112,74,0
115,5,4,40,41,196,95,0
81,9,4,25,34,115,86,0
94,10,6,22,32,142,74,0
88,7,8,23,28,127,91,0
57,2,0,14,19,93,73,0
66,2,0,9,24,92,63,0
86,0,0,41,23,142,74,0
126,6,5,51,60,252,95,0
114,7,8,31,28,128,86,0
108,2,2,21,30,148,74,0
131,16,5,43,37,193,93,0
80,1,4,19,32,153,77,0
104,0,1,20,44,152,76,0
74,0,0,23,35,110,74,0
86,2,6,30,47,164,81,0
82,2,0,15,32,83,65,1
114,0,0,79,41,191,58,1
75,8,0,14,32,115,77,1
100,0,1,22,39,204,86,1
78,4,0,16,37,140,76,1
100,8,2,27,14,148,87,1
97,1,0,28,28,146,70,1
104,0,6,32,42,136,79,1
118,2,1,28,41,182,85,1
113,0,0,13,29,154,65,1
77,0,0,18,25,153,75,1
133,1,0,53,31,151,84,1
138,3,0,46,43,163,98,1
141,16,8,59,46,188,93,1
97,3,8,43,34,197,86,1
94,2,0,32,53,149,79,1
113,14,0,23,30,172,87,1
69,11,0,23,24,97,77,1
163,14,1,51,48,215,96,1
109,1,0,41,26,234,81,1
130,6,4,21,48,186,90,1
118,13,3,17,35,179,86,1
123,23,0,26,35,152,86,1
77,2,4,8,32,109,76,1
25,0,0,16,11,88,32,1
118,5,6,25,30,147,88,1
76,3,4,18,37,108,81,1
70,4,0,16,14,117,80,1
106,5,0,21,47,156,87,1
58,0,0,11,38,99,69,1
102,4,0,32,38,181,83,1
90,1,5,15,21,118,86,1
91,14,0,35,54,159,83,1
118,7,4,25,51,130,88,1
113,5,1,26,19,178,74,1
137,9,4,30,40,185,91,1
94,0,0,35,28,134,81,1
134,53,2,39,46,205,89,1
113,2,1,65,27,142,61,1
82,5,2,19,33,93,71,1
145,14,2,23,37,197,85,1
100,9,1,19,40,113,84,1
112,2,3,30,34,209,88,1
79,7,0,26,42,75,72,1
98,25,0,48,52,234,88,1
115,10,0,27,44,188,79,1
84,2,0,26,22,165,83,1
139,3,2,53,51,211,91,1
103,12,0,19,19,180,86,1
137,11,12,31,33,269,101,1
120,1,4,45,42,136,82,1
92,4,4,31,53,146,88,1
79,2,3,44,20,110,87,1
104,3,1,29,24,131,66,1
63,1,1,14,19,91,65,1
75,1,0,16,29,107,74,1
84,12,1,17,24,147,85,1
135,2,0,60,31,189,88,1
89,5,3,20,26,189,86,1
80,7,1,27,20,107,76,1
89,12,8,18,33,200,85,1
94,3,3,24,25,93,74,1
92,8,3,23,24,152,81,1
96,5,6,24,45,160,88,1
100,5,0,27,33,150,78,1
92,16,2,24,43,235,94,1
139,2,1,31,48,214,86,1
70,0,0,27,15,135,64,1
96,16,1,13,35,102,73,1
55,4,0,16,40,127,82,1
63,4,0,8,17,110,69,1
45,4,0,15,26,147,65,1
99,14,3,19,32,138,94,1
110,6,2,26,23,158,81,1
103,6,1,22,44,152,83,1
76,9,0,17,25,166,71,1
93,1,1,20,39,108,76,1
97,15,8,22,41,123,89,1
114,24,8,18,35,237,91,1
89,0,1,34,27,183,87,1
104,17,0,28,29,172,85,1
115,4,7,21,22,103,74,1
118,16,1,20,45,192,93,1
122,4,4,27,34,138,89,1
122,3,1,32,41,165,86,1
80,2,6,13,50,137,85,1
89,6,1,25,22,173,83,1
97,9,5,24,26,225,80,1
41,0,0,17,20,62,51,1
106,3,0,50,43,193,88,1
111,6,10,31,18,172,90,1
160,9,2,41,31,215,92,1
120,9,3,30,21,174,86,1
112,6,0,28,23,161,85,1
71,13,1,12,26,173,75,1
77,3,4,20,29,122,81,1
139,13,4,29,50,237,84,1
159,9,1,46,37,227,95,1
87,7,0,23,42,148,79,1
125,11,1,18,20,173,97,1
69,3,2,18,26,141,76,1
81,1,2,21,32,106,83,1
110,1,3,19,25,139,80,1
84,10,3,16,18,93,78,1
81,5,3,8,37,168,82,1
120,1,0,28,22,175,85,1
96,10,2,17,29,157,90,1
104,3,0,29,24,127,84,1
72,4,5,20,32,92,75,1
137,19,17,37,35,197,97,1
87,5,1,24,25,140,83,1
89,5,5,34,27,152,81,1
87,0,0,16,52,285,64,1
143,24,3,33,40,192,90,1
94,0,0,11,38,129,63,1
124,2,3,22,45,181,86,1
153,9,0,26,36,224,99,1
115,31,2,36,46,137,91,1
115,6,6,33,40,175,83,1
158,8,6,42,52,197,94,1
63,4,0,21,32,136,74,1
66,0,0,34,20,130,66,1
76,4,1,17,26,123,74,1
125,19,1,32,39,151,84,1
71,4,1,29,34,132,87,1
138,22,0,39,24,168,91,1
148,11,0,20,42,182,88,1
128,8,1,29,32,182,80,1
63,1,2,11,24,190,73,1
79,1,0,34,40,212,86,1
111,17,1,21,34,119,78,1
134,12,3,29,39,187,99,1
114,1,0,33,28,155,81,1
91,5,2,20,35,137,76,1
141,13,6,40,50,229,95,1
107,2,4,13,31,178,94,1
132,8,1,42,33,247,102,1
89,9,5,12,20,173,84,1
99,15,0,9,26,91,80,1
132,31,9,33,45,123,83,1
80,2,0,25,19,156,72,1
102,3,2,23,35,184,87,1
99,6,5,21,34,130,81,1
91,11,3,37,28,137,86,1
112,17,1,18,23,165,86,1
74,4,1,25,48,159,76,1
114,10,2,21,32,210,88,1
73,3,0,28,36,150,81,1
102,3,6,25,24,144,85,1
125,4,4,36,39,169,93,1
74,5,3,16,18,130,82,1
47,1,0,50,34,143,57,1
122,20,3,21,26,240,95,1
109,11,2,25,54,217,94,1
172,6,4,32,44,221,100,1
110,6,1,19,16,146,85,1
139,7,0,42,23,169,92,1
132,8,7,25,37,167,87,1
70,6,5,17,33,201,80,1
95,4,0,39,23,152,89,1
132,5,2,40,32,178,89,1
95,10,7,15,14,113,74,1
97,13,9,34,45,163,88,1
94,12,2,35,21,161,87,1
90,0,0,11,20,185,70,1
95,2,3,19,52,150,75,1
132,1,0,33,35,181,84,1
107,8,4,16,32,202,83,1
64,3,4,20,17,161,78,1
94,12,0,24,24,98,73,1
96,12,4,19,22,110,75,1
83,2,1,40,41,181,83,1
60,3,3,17,13,113,80,1
103,2,0,34,37,142,72,1
121,2,0,40,32,159,80,1
112,8,4,25,69,127,87,1
94,24,9,23,35,176,84,1
114,2,0,34,22,156,79,1
203,10,8,45,46,264,89,1
152,31,7,47,41,226,94,1
119,9,2,24,61,219,96,1
131,0,1,25,33,172,84,1
67,0,0,12,21,92,68,1
118,1,5,45,29,157,80,1
113,2,0,40,27,146,81,1
75,2,0,27,34,181,60,1
54,2,3,23,20,150,81,1
118,5,0,23,23,155,84,1
101,4,1,22,30,205,91,1
75,6,1,20,35,247,77,1
122,0,2,38,38,207,69,1
96,12,5,34,63,175,89,1
119,9,2,17,35,157,81,1
87,4,0,49,38,258,89,1
126,4,0,37,29,202,87,1
121,3,1,47,34,186,92,1
104,13,0,21,22,183,86,1
65,6,2,14,28,183,80,1
110,2,3,15,40,145,86,1
97,2,0,20,26,145,81,1
115,5,3,27,37,154,83,1
129,5,0,22,24,152,81,1
133,7,0,32,25,218,89,1
91,5,2,19,35,127,83,1
118,2,3,20,41,160,77,1
87,3,1,15,18,133,78,1
148,1,3,32,55,158,94,1
149,8,12,30,56,222,94,1
83,16,8,23,35,132,90,1
85,3,9,25,33,161,85,1
99,9,6,23,47,137,82,1
91,1,1,31,23,145,82,1
111,5,3,23,21,138,80,1
96,1,0,25,28,143,77,1
120,28,4,30,41,164,90,1
164,11,12,32,36,219,88,1
165,9,3,21,50,202,99,1
127,16,2,36,24,159,92,1
140,7,1,26,23,169,86,1
156,13,4,27,33,195,92,1
89,26,3,23,26,125,86,1
66,2,0,16,28,67,68,1
79,5,5,22,20,175,76,1
64,1,2,25,34,105,71,1
121,0,2,22,26,213,79,1
115,4,4,23,38,234,94,1
111,6,0,31,33,206,89,1
120,14,0,22,13,142,82,1
18,1,0,12,14,69,40,1
98,3,5,23,35,159,82,1
59,0,0,2,50,168,24,1
100,1,2,23,24,127,80,1
134,6,1,19,38,164,86,1
118,8,2,31,26,122,83,1
81,6,1,23,24,177,85,1
154,8,2,29,31,227,96,1
67,0,0,35,14,98,39,1
36,0,3,24,25,161,65,1
148,0,0,6,103,208,32,1
113,8,8,14,27,153,81,1
127,9,1,28,54,170,82,1
117,22,4,20,50,126,83,1
103,7,2,27,28,140,86,1
104,1,0,19,30,124,79,1
112,6,6,14,41,251,81,1
137,9,0,43,26,155,83,1
134,18,0,29,16,220,85,1
122,8,0,33,32,170,83,1
110,6,10,19,57,137,85,1
86,5,1,17,38,144,78,1
94,13,0,34,28,144,87,1
57,0,1,18,22,163,52,1
81,3,12,20,43,112,77,1
136,9,5,31,46,190,90,1
148,7,1,33,30,194,93,1
122,1,2,35,42,185,86,1
103,1,1,32,34,151,95,1
61,2,4,29,30,189,76,1
117,12,3,26,28,158,86,1
58,3,1,10,32,150,84,1
151,12,0,30,29,227,83,1
50,2,0,27,14,204,58,1
66,1,1,17,25,108,47,1
124,25,1,33,44,148,85,1
136,2,1,27,50,197,92,1
140,3,0,19,66,209,86,1
107,15,7,29,29,134,93,1
96,1,4,41,29,160,89,1
135,5,2,28,48,231,88,1
99,4,0,21,39,171,76,1
95,10,2,24,26,116,86,1
81,11,3,23,32,92,76,1
111,9,0,26,16,148,82,1
50,0,0,48,19,152,58,1
95,16,0,30,34,211,86,1
107,0,0,26,28,160,81,1
103,27,11,22,43,161,88,1
145,3,3,38,50,171,92,1
136,6,2,34,43,206,86,1
160,15,4,33,43,249,96,1
66,4,1,11,22,150,59,1
114,6,3,26,35,151,85,1
49,0,0,27,31,184,43,1
97,12,6,25,39,113,82,1
77,6,3,25,38,207,77,1
81,9,1,30,27,150,82,1
68,0,0,3,30,67,42,1
71,0,0,40,19,126,54,1
155,15,2,27,46,224,90,1
106,14,3,26,24,100,84,1
73,0,0,29,29,231,68,1
43,2,2,11,35,156,71,1
96,13,3,23,30,136,87,1
113,13,7,16,35,130,84,1
89,9,1,18,36,165,88,1
135,12,2,40,31,211,94,1
36,3,2,19,31,121,58,1
171,18,0,41,51,232,91,1
107,12,0,24,33,189,89,1
92,7,1,26,35,205,78,1
64,2,1,18,40,151,82,1
111,6,0,28,19,215,93,1
98,28,1,23,34,121,80,1
129,12,1,26,26,153,103,1
145,14,0,32,54,252,98,1
149,4,13,36,55,250,90,1
86,15,5,8,45,144,86,1
111,20,3,21,32,177,82,1
124,4,1,25,35,203,91,1
138,8,3,45,39,214,90,1
10,0,0,5,4,6,17,1
65,8,2,20,23,132,84,1
62,0,2,7,31,187,75,1
51,12,2,6,35,219,80,1
89,8,3,12,21,166,79,1
82,15,1,50,48,139,86,1
118,5,19,27,42,150,91,1
157,8,3,31,46,197,99,1
91,6,1,13,15,125,75,1
158,17,0,38,22,191,90,1
93,18,0,16,40,187,92,1
146,12,1,14,29,213,90,1
62,0,3,13,30,125,74,1
91,0,1,24,24,192,73,1
130,9,5,27,43,182,89,1
73,2,8,28,53,115,73,1
93,5,0,16,30,148,88,1
148,3,2,33,42,208,90,1
132,0,1,20,26,181,80,1
141,13,3,26,35,211,89,1
128,8,0,20,41,219,83,1
78,1,2,23,29,97,77,1
116,19,0,12,32,144,83,1
112,14,3,33,35,199,89,1
127,17,2,25,34,187,94,1
128,18,1,30,33,216,93,1
124,9,3,36,45,161,98,1
113,6,7,30,22,160,91,1
71,5,2,22,36,113,74,1
106,8,0,26,24,126,70,1
206,20,0,39,23,228,92,1
82,9,4,11,33,156,66,1
69,0,0,11,18,194,70,1
98,0,0,24,0,85,8,1
93,16,2,15,36,197,83,1
99,24,5,37,25,180,91,1
109,17,1,19,26,200,81,1
78,1,0,34,38,195,78,1
133,54,2,31,30,179,87,1
113,6,16,19,36,125,81,1
121,0,3,23,35,121,76,1
110,9,1,27,26,162,91,1
125,1,1,23,22,168,85,1
92,1,1,29,35,146,80,1
89,7,1,11,28,144,83,1
65,1,0,15,26,131,73,1
133,10,4,29,68,182,82,1
59,0,1,7,49,45,38,1
75,1,0,3,25,35,22,1
131,15,3,23,27,223,100,1
124,32,5,21,35,139,90,0
104,20,2,27,35,140,87,0
82,10,0,36,29,130,85,0
95,3,2,13,24,142,70,0
82,10,2,14,33,90,77,0
113,0,0,17,59,214,65,0
97,16,7,16,39,110,78,0
109,3,1,8,30,136,87,0
91,0,2,19,22,193,45,0
95,3,5,22,58,116,76,0
77,14,0,22,25,139,76,0
75,10,3,14,26,87,77,0
115,8,7,15,24,137,87,0
64,3,0,20,29,144,87,0
69,0,0,15,33,269,62,0
61,12,5,15,17,80,76,0
64,8,6,18,23,105,77,0
104,19,8,23,36,140,86,0
78,5,6,14,36,118,80,0
64,8,2,21,32,242,88,0
6,0,1,18,125,30,22,0
80,5,2,15,38,129,81,0
149,19,3,43,29,171,94,0
27,0,0,20,29,185,44,0
77,8,2,35,60,146,84,0
129,17,7,32,26,236,97,0
63,2,10,21,44,101,79,0
38,0,0,19,23,147,62,0
122,13,2,23,37,168,83,0
76,1,0,20,26,185,76,0
80,0,0,39,53,106,59,0
121,1,1,36,47,159,87,0
82,3,0,51,29,202,78,0
130,3,5,41,28,214,87,0
125,10,5,32,43,162,97,0
66,0,0,40,30,99,64,0
113,2,7,27,54,158,84,0
98,2,1,20,31,172,88,0
73,0,0,58,23,219,73,0
83,12,1,26,15,183,88,0
114,9,5,14,31,140,81,0
69,4,1,15,12,91,72,0
104,11,5,25,32,143,82,0
80,1,0,18,20,137,86,0
68,0,0,44,51,161,87,0
78,0,0,16,39,266,58,0
122,11,8,29,45,182,91,0
44,1,2,12,45,107,71,0
91,26,4,26,22,138,87,0
98,21,7,20,33,105,90,0
110,12,4,22,36,141,84,0
45,0,1,11,26,49,62,0
109,5,2,18,30,181,86,0
116,3,0,16,35,169,91,0
37,2,0,14,28,226,53,0
99,5,5,33,35,122,85,0
4,0,0,39,54,183,18,0
105,8,2,29,64,220,99,0
97,34,5,19,60,170,89,0
72,3,2,39,18,210,80,0
97,4,2,36,31,144,92,0
121,28,1,16,22,160,88,0
81,7,2,17,35,184,91,0
138,25,2,22,44,205,90,0
103,4,2,23,22,179,86,0
63,15,11,8,48,179,93,0
129,7,1,25,30,160,85,0
127,4,3,44,25,202,87,0
83,10,3,23,31,143,77,0
121,3,0,15,50,177,84,0
110,6,4,23,31,142,79,0
66,1,4,14,34,117,59,0
131,9,1,33,58,204,90,0
111,15,20,29,27,171,92,0
51,2,3,9,32,174,75,0
88,9,1,24,27,119,78,0
119,1,1,24,63,200,81,0
227,4,2,8,69,333,73,0
74,17,3,13,30,93,79,0
33,13,2,11,20,75,64,0
149,8,2,18,33,217,100,0
67,10,8,26,26,108,82,0
89,9,1,20,31,207,74,0
113,50,2,20,35,181,93,0
109,9,8,23,36,139,84,0
95,5,7,20,36,186,94,0
122,3,9,33,38,194,88,0
147,11,3,35,35,225,91,0
95,5,0,27,44,187,89,0
115,7,3,25,33,125,82,0
91,13,4,23,33,106,82,0
120,10,2,23,43,156,88,0
45,2,4,6,29,130,63,0
116,2,3,30,49,154,85,0
137,9,1,30,43,231,96,0
54,0,0,50,15,133,56,0
114,4,1,28,44,176,94,0
103,3,0,77,156,184,44,0
131,7,8,29,31,178,86,0
16,1,0,13,16,136,47,0
93,9,4,19,20,92,81,0
69,19,3,14,21,122,81,0
65,1,0,8,42,229,64,0
135,4,4,31,45,151,91,0
84,11,3,14,38,126,86,0
69,15,4,23,37,140,87,0
89,6,2,16,27,101,78,0
139,16,6,29,24,170,89,0
72,1,5,11,19,160,76,0
72,5,0,40,21,186,85,0
134,1,2,30,45,173,62,0
83,2,1,11,18,147,74,0
70,24,3,12,18,79,71,0
98,8,0,32,43,187,82,0
67,2,5,20,33,79,69,0
82,3,4,20,59,120,79,0
113,7,4,28,54,122,73,0
89,3,2,18,44,149,77,0
140,2,3,45,36,240,91,0
101,0,0,23,23,140,62,0
112,9,4,29,27,147,86,0
122,17,5,30,36,141,90,0
126,6,2,24,43,152,86,0
87,23,6,9,16,118,73,0
137,2,4,34,51,224,92,0
80,5,11,38,26,148,77,0
73,1,1,19,36,105,75,0
82,0,0,14,39,268,58,0
51,6,2,8,23,213,75,0
48,6,4,4,54,183,62,0
56,20,6,11,18,81,73,0
120,15,3,21,39,179,90,0
81,1,4,19,20,129,82,0
70,1,0,10,55,157,81,0
83,19,4,16,30,108,75,0
79,6,2,20,24,96,75,0
97,22,7,24,53,166,85,0
66,5,1,27,25,195,76,0
92,14,6,21,48,141,86,0
83,0,0,16,53,277,60,0
78,7,15,20,28,135,91,0
140,0,5,36,21,145,84,0
63,0,1,16,34,133,65,0
49,0,2,21,25,94,65,0
60,21,13,16,12,89,74,0
111,13,18,29,46,243,96,0
42,3,2,11,28,101,73,0
111,18,4,32,32,167,84,0
82,19,10,18,22,88,80,0
43,4,1,14,27,175,73,0
130,11,9,25,38,151,91,0
40,5,6,7,26,139,69,0
112,21,6,28,43,169,93,0
50,0,0,38,37,166,76,0
88,7,2,26,27,130,84,0
96,3,3,27,34,150,86,0
107,7,1,21,29,226,82,0
72,12,4,17,22,113,80,0
131,28,2,18,37,205,88,0
102,7,3,17,30,213,90,0
116,6,2,23,31,197,87,0
137,20,4,36,36,184,86,0
50,0,0,33,29,184,59,0
95,4,0,14,34,129,80,0
78,2,1,20,36,227,89,0
74,13,5,18,26,143,80,0
90,0,5,21,36,113,75,0
90,2,0,25,33,175,90,0
64,5,5,12,23,96,81,0
122,3,7,25,51,177,87,0
61,3,3,22,22,214,86,0
81,5,6,26,27,99,79,0
48,6,5,19,40,226,87,0
128,5,4,21,26,174,93,0
24,5,2,11,30,113,69,0
110,15,7,43,63,215,90,0
53,4,0,19,44,104,71,0
130,8,3,26,31,175,90,0
61,8,2,20,24,154,85,0
79,7,2,13,68,133,80,0
92,5,6,29,33,154,81,0
67,4,6,23,26,135,74,0
107,15,3,34,41,182,91,0
146,5,7,34,58,181,90,0
129,8,2,33,35,198,93,0
141,17,5,36,41,181,92,0
69,1,4,27,36,80,64,0
83,6,3,20,35,105,78,0
72,9,6,22,51,158,89,0
58,2,2,17,35,132,75,0
83,6,11,27,38,124,85,0
109,4,5,14,29,191,88,0
90,6,5,25,38,161,89,0
163,23,4,35,36,182,93,0
70,6,0,25,36,115,72,0
107,5,0,12,39,112,74,0
81,2,0,22,32,167,78,0
102,5,1,21,41,152,80,0
48,2,0,25,24,152,79,0
63,2,0,24,24,213,84,0
101,10,3,21,16,144,84,0
109,2,3,26,39,190,89,0
76,10,2,17,29,105,75,0
87,8,4,29,32,151,83,0
94,13,4,14,35,148,88,0
100,10,2,29,28,119,79,0
48,0,1,11,25,71,54,0
64,5,0,19,32,165,70,0
142,0,4,22,33,184,90,0
90,3,6,21,29,132,81,0
68,10,0,11,23,147,75,0
102,3,1,24,32,122,75,0
73,6,7,21,40,181,81,0
68,1,0,26,31,162,69,0
96,3,4,18,30,181,84,0
96,2,0,17,47,144,70,0
76,7,6,17,39,173,86,0
111,19,19,26,26,203,94,0
112,5,0,13,29,165,79,0
94,4,1,11,22,133,45,0
56,0,0,14,23,123,67,0
0,0,0,0,40,2,2,0
91,7,2,16,32,150,83,0
72,7,2,21,18,142,80,0
94,17,2,20,38,109,81,0
127,23,7,23,40,192,87,0
119,8,4,40,44,177,98,0
114,13,2,31,32,162,92,0
83,3,3,12,26,101,89,0
33,1,2,13,15,52,70,0
95,8,8,25,60,193,90,0
102,1,17,22,26,136,89,0
15,1,0,12,17,141,47,0
54,6,1,11,23,175,73,0
89,8,0,26,28,166,89,0
70,6,3,8,21,93,74,0
72,13,3,16,20,80,79,0
67,4,1,25,28,156,78,0
80,8,3,10,22,227,84,0
97,9,1,20,33,119,86,0
104,15,8,24,28,100,88,0
126,10,1,23,30,150,78,0
143,0,0,31,52,183,70,0
111,3,4,26,49,187,84,0
101,11,2,20,21,168,86,0
115,3,2,30,41,170,76,0
110,37,5,20,29,141,85,0
63,7,0,17,25,147,76,0
59,2,3,24,53,88,71,0
89,1,1,29,26,134,90,0
93,27,1,21,39,151,83,0
131,32,7,30,32,192,96,0
91,18,9,23,37,129,83,0
129,7,21,32,55,198,101,0
64,1,2,19,33,104,58,0
117,4,0,21,46,190,92,0
120,0,3,34,46,218,86,0
117,5,15,34,45,183,90,0
88,27,3,25,43,175,82,0
82,5,0,28,61,161,80,0
99,10,3,20,36,165,99,0
148,11,16,38,46,207,92,0
115,4,9,37,34,169,88,0
130,9,4,17,31,137,78,0
45,1,2,13,15,138,57,0
98,9,5,29,45,173,92,0
126,6,7,18,44,179,95,0
111,17,9,33,44,166,89,0
52,8,2,17,29,81,73,0
111,2,4,29,41,213,92,0
81,3,2,23,33,139,79,0
101,2,3,30,18,124,84,0
77,18,7,31,32,136,85,0
54,7,5,12,29,89,69,0
119,19,7,27,43,144,89,0
0,0,0,0,0,0,0,0
72,1,1,16,29,114,70,0
67,4,1,26,32,145,88,0
104,3,2,27,57,109,64,0
129,25,1,48,43,161,90,0
107,1,3,22,32,172,93,0
146,0,0,44,32,206,76,0
96,1,0,17,34,154,80,0
125,11,0,36,40,161,82,0
69,6,5,29,29,183,83,0
104,4,5,27,52,206,84,0
100,7,9,30,31,162,89,0
80,21,4,28,38,129,80,0
135,2,5,48,33,160,91,0
81,0,0,10,45,258,62,0
94,8,4,10,29,190,84,0
87,4,5,20,44,138,79,0
57,2,3,26,16,108,69,0
139,0,0,38,53,217,88,0
181,0,0,218,19,298,21,0
170,4,1,35,33,211,93,0
106,5,4,35,32,128,95,0
82,19,8,14,25,103,80,0
126,27,6,30,30,169,95,0
116,5,7,23,19,153,84,0
